date,PRECTOTCORR,T2M,RH2M,WS2M,ALLSKY_SFC_SW_DWN
2020-01-01,0.35,13.62,73.15,1.35,7.66
2020-01-02,0.02,14.62,87.23,1.09,7.59
2020-01-03,0.48,16.91,78.89,1.17,7.81
2020-01-04,0.06,16.32,77.71,1.06,6.55
2020-01-05,0.0,14.23,76.02,2.3,7.54
2020-01-06,0.05,13.67,70.92,1.55,7.81
2020-01-07,0.0,14.67,61.23,0.88,9.53
2020-01-08,0.36,16.04,64.92,1.05,7.96
2020-01-09,4.91,15.08,86.53,1.99,6.14
2020-01-10,0.0,13.36,75.21,2.52,5.24
2020-01-11,0.0,10.49,70.36,2.06,10.62
2020-01-12,0.0,10.63,71.36,1.88,8.24
2020-01-13,0.0,12.03,67.35,1.03,6.13
2020-01-14,0.0,15.17,54.29,0.72,6.31
2020-01-15,0.0,16.38,55.79,0.6,9.69
2020-01-16,0.0,17.87,67.11,1.36,12.23
2020-01-17,0.27,18.73,74.69,1.64,11.84
2020-01-18,0.22,16.61,87.47,1.5,9.21
2020-01-19,0.05,14.72,75.24,2.35,6.6
2020-01-20,0.0,13.12,73.55,2.28,11.5
2020-01-21,0.0,13.42,64.15,1.34,10.91
2020-01-22,0.0,14.15,62.74,1.66,12.29
2020-01-23,0.0,14.34,65.83,2.63,15.61
2020-01-24,0.0,12.98,63.48,2.6,15.87
2020-01-25,0.0,12.67,63.76,1.28,13.41
2020-01-26,0.0,12.74,68.54,1.7,9.61
2020-01-27,0.0,14.64,64.7,1.81,12.38
2020-01-28,0.17,16.82,66.0,1.21,10.32
2020-01-29,0.16,19.09,70.76,1.85,12.22
2020-01-30,0.14,17.67,67.39,2.4,7.29
2020-01-31,0.0,14.4,58.64,2.2,15.72
2020-02-01,0.0,14.13,56.73,1.77,16.17
2020-02-02,0.0,13.92,61.22,2.65,16.19
2020-02-03,0.0,13.57,60.31,1.7,16.03
2020-02-04,0.0,15.23,52.18,0.71,15.62
2020-02-05,0.0,15.85,52.32,2.23,15.71
2020-02-06,0.0,14.87,56.18,1.98,16.48
2020-02-07,0.0,15.05,52.43,1.19,15.4
2020-02-08,0.0,14.99,54.0,1.61,13.6
2020-02-09,0.0,14.01,55.24,1.65,15.76
2020-02-10,0.0,14.43,58.57,1.86,16.75
2020-02-11,0.0,14.43,55.88,1.71,17.28
2020-02-12,0.0,14.6,56.73,1.96,16.97
2020-02-13,0.0,15.91,60.43,1.97,15.24
2020-02-14,0.0,19.05,63.28,2.51,15.84
2020-02-15,0.0,17.81,58.41,2.37,17.5
2020-02-16,0.0,17.94,53.6,1.21,16.23
2020-02-17,0.0,18.1,54.91,1.62,14.56
2020-02-18,0.0,17.9,48.79,2.16,17.67
2020-02-19,0.0,19.17,36.94,0.91,16.15
2020-02-20,0.0,19.12,37.46,1.07,11.99
2020-02-21,0.0,19.53,48.28,1.96,12.07
2020-02-22,4.35,19.49,59.85,1.78,10.55
2020-02-23,2.22,21.75,56.34,0.91,14.21
2020-02-24,1.9,20.83,68.6,1.08,16.47
2020-02-25,6.95,20.89,71.06,1.03,5.96
2020-02-26,6.75,18.88,76.44,0.88,10.07
2020-02-27,0.0,20.07,62.47,0.58,14.23
2020-02-28,0.0,21.75,48.93,0.68,19.72
2020-02-29,0.0,21.48,49.0,0.78,18.97
2020-03-01,0.0,22.98,46.42,0.72,19.17
2020-03-02,0.0,22.03,56.13,1.7,16.77
2020-03-03,0.1,23.59,53.37,1.56,17.88
2020-03-04,0.63,24.53,47.82,0.67,16.1
2020-03-05,0.54,25.06,47.36,1.24,16.46
2020-03-06,3.54,23.39,63.27,1.56,17.65
2020-03-07,2.46,23.65,65.29,1.78,14.78
2020-03-08,0.0,23.04,52.7,2.48,18.5
2020-03-09,0.0,21.63,45.46,2.82,22.6
2020-03-10,0.0,22.3,41.4,1.95,19.21
2020-03-11,0.21,20.32,64.58,1.72,13.36
2020-03-12,1.36,25.38,61.09,1.37,19.38
2020-03-13,3.73,24.09,67.16,1.44,6.47
2020-03-14,22.78,19.68,86.21,2.09,3.93
2020-03-15,0.26,21.55,67.04,1.4,20.51
2020-03-16,0.0,22.63,51.84,2.28,22.29
2020-03-17,0.0,22.48,48.01,1.96,21.64
2020-03-18,0.0,23.24,45.57,2.17,22.4
2020-03-19,0.0,24.2,44.91,2.24,20.11
2020-03-20,1.6,24.46,46.59,2.05,21.89
2020-03-21,0.48,24.99,44.23,2.16,15.18
2020-03-22,3.02,25.32,47.04,1.04,19.92
2020-03-23,0.31,25.46,49.13,1.57,19.84
2020-03-24,0.0,26.93,42.6,1.07,20.46
2020-03-25,0.0,28.52,41.65,2.09,21.11
2020-03-26,0.0,27.46,41.8,3.0,23.42
2020-03-27,0.0,28.94,41.71,2.89,23.33
2020-03-28,0.0,28.88,44.58,4.03,23.71
2020-03-29,0.0,26.92,35.39,3.85,25.46
2020-03-30,0.0,26.99,33.36,3.81,25.24
2020-03-31,0.0,27.09,37.01,2.57,24.49
2020-04-01,0.0,29.34,33.16,2.07,23.35
2020-04-02,0.0,29.78,33.94,2.21,24.11
2020-04-03,0.0,27.51,33.55,3.24,24.92
2020-04-04,0.0,26.59,29.55,2.76,25.63
2020-04-05,0.0,26.86,29.93,2.62,26.04
2020-04-06,0.0,28.6,31.37,3.82,25.74
2020-04-07,0.0,28.79,30.81,3.18,23.71
2020-04-08,0.0,28.81,31.09,2.03,22.48
2020-04-09,0.0,29.49,32.43,2.14,24.23
2020-04-10,0.0,29.43,31.49,2.15,23.64
2020-04-11,0.0,30.42,30.01,1.5,24.43
2020-04-12,0.0,30.96,32.95,1.67,22.97
2020-04-13,0.0,32.4,28.95,0.82,21.87
2020-04-14,0.44,32.81,34.03,1.59,21.62
2020-04-15,2.53,32.6,39.47,1.98,19.58
2020-04-16,0.0,32.49,31.6,1.63,22.85
2020-04-17,0.0,32.03,37.44,2.02,22.52
2020-04-18,0.0,32.85,31.52,1.76,18.83
2020-04-19,1.21,33.35,30.79,1.77,21.35
2020-04-20,0.58,33.28,28.64,1.3,16.57
2020-04-21,2.54,30.79,35.09,1.22,19.33
2020-04-22,1.28,30.14,44.24,2.22,22.96
2020-04-23,0.26,31.07,33.81,2.34,21.24
2020-04-24,0.83,31.2,33.33,1.68,15.0
2020-04-25,0.12,30.34,38.69,2.12,19.5
2020-04-26,14.73,28.37,55.23,2.71,10.78
2020-04-27,0.04,29.22,52.31,2.58,18.51
2020-04-28,0.89,29.48,50.36,1.84,20.34
2020-04-29,0.03,29.61,50.08,1.47,24.88
2020-04-30,0.12,31.06,42.38,1.29,23.39
2020-05-01,10.34,30.69,50.94,1.72,13.38
2020-05-02,0.57,29.31,55.46,2.46,17.57
2020-05-03,0.0,30.58,50.07,1.88,26.29
2020-05-04,13.83,31.25,47.6,1.58,23.17
2020-05-05,9.1,31.62,46.01,0.95,17.54
2020-05-06,0.1,31.28,42.73,2.04,25.7
2020-05-07,0.22,31.8,37.41,1.77,22.34
2020-05-08,4.92,30.86,43.53,2.3,26.36
2020-05-09,0.0,32.2,37.1,1.31,25.86
2020-05-10,0.0,33.01,41.33,2.56,21.11
2020-05-11,9.82,31.76,51.21,1.29,21.88
2020-05-12,0.0,32.86,39.86,2.11,20.86
2020-05-13,0.01,33.07,37.5,2.23,23.44
2020-05-14,0.0,33.6,39.17,1.79,20.65
2020-05-15,3.07,34.33,39.72,2.04,22.45
2020-05-16,0.11,34.73,34.56,3.08,23.95
2020-05-17,0.03,34.48,29.19,2.44,26.15
2020-05-18,0.0,33.74,37.22,2.08,23.78
2020-05-19,0.0,34.08,39.24,1.8,20.77
2020-05-20,0.46,31.95,47.73,3.92,13.61
2020-05-21,0.2,31.04,48.1,1.83,17.34
2020-05-22,0.37,33.38,37.15,2.42,27.36
2020-05-23,0.0,33.98,41.51,2.51,20.58
2020-05-24,0.0,36.75,29.01,2.48,20.91
2020-05-25,0.0,38.2,21.18,2.73,23.35
2020-05-26,0.12,38.66,19.44,3.1,25.38
2020-05-27,0.45,38.04,26.18,2.84,22.25
2020-05-28,1.36,33.17,51.62,4.96,23.81
2020-05-29,0.0,33.43,47.23,3.54,22.66
2020-05-30,0.62,34.48,44.16,3.14,21.96
2020-05-31,10.87,33.17,50.12,2.0,21.09
2020-06-01,0.34,33.98,44.82,2.47,20.74
2020-06-02,0.12,33.18,40.31,2.31,18.53
2020-06-03,0.04,32.76,44.12,2.44,14.42
2020-06-04,0.87,32.06,43.59,2.57,8.74
2020-06-05,35.94,30.73,66.63,2.97,12.01
2020-06-06,4.5,30.71,57.83,3.81,18.08
2020-06-07,0.0,33.06,45.83,2.0,23.87
2020-06-08,0.0,34.51,42.47,1.58,24.01
2020-06-09,0.0,35.69,41.39,0.87,23.08
2020-06-10,0.0,35.49,46.47,2.55,23.26
2020-06-11,0.01,35.63,47.53,3.59,22.45
2020-06-12,0.21,33.97,54.45,3.98,21.89
2020-06-13,1.99,32.34,63.98,4.33,19.33
2020-06-14,7.18,30.68,75.59,3.62,17.64
2020-06-15,21.05,30.34,77.49,2.62,13.41
2020-06-16,8.71,30.19,75.9,3.0,15.76
2020-06-17,4.59,30.56,72.23,2.22,18.13
2020-06-18,31.43,30.24,73.86,1.89,13.51
2020-06-19,17.53,30.94,73.82,1.71,11.5
2020-06-20,26.51,29.79,80.57,4.32,14.62
2020-06-21,5.82,30.69,73.27,4.22,22.83
2020-06-22,4.54,30.34,77.44,3.7,16.62
2020-06-23,8.3,30.63,75.02,3.97,17.72
2020-06-24,3.41,31.53,73.46,2.32,18.16
2020-06-25,22.6,29.59,84.64,2.91,5.2
2020-06-26,30.83,28.88,89.12,3.44,9.39
2020-06-27,13.11,29.53,80.29,4.44,18.78
2020-06-28,12.98,27.57,87.06,3.51,6.19
2020-06-29,11.86,29.23,82.03,1.46,9.68
2020-06-30,8.63,29.51,81.23,2.09,15.85
2020-07-01,0.88,30.56,78.64,1.6,19.29
2020-07-02,11.0,30.77,78.1,1.51,9.61
2020-07-03,13.13,29.56,85.43,1.8,11.64
2020-07-04,22.89,29.59,84.36,2.67,10.6
2020-07-05,33.75,29.33,84.88,2.52,21.29
2020-07-06,10.88,29.1,89.03,3.52,16.4
2020-07-07,13.41,29.25,88.2,4.0,11.02
2020-07-08,5.91,28.97,86.95,3.01,17.34
2020-07-09,15.65,29.73,85.43,2.08,5.83
2020-07-10,38.19,28.34,90.2,3.97,9.12
2020-07-11,10.0,28.29,88.66,3.61,10.59
2020-07-12,8.65,29.59,84.91,3.01,14.41
2020-07-13,3.47,29.32,86.25,1.93,8.87
2020-07-14,4.8,29.3,86.96,2.06,17.22
2020-07-15,4.1,29.3,86.54,2.83,20.33
2020-07-16,0.26,29.49,82.01,2.14,22.38
2020-07-17,0.0,29.47,82.85,2.32,21.15
2020-07-18,0.19,28.88,88.63,1.39,16.23
2020-07-19,19.85,28.18,92.6,2.48,4.6
2020-07-20,41.83,28.26,90.76,2.67,3.51
2020-07-21,18.89,27.61,90.39,2.43,9.23
2020-07-22,2.71,28.49,87.26,2.4,19.12
2020-07-23,18.36,29.1,86.44,1.25,12.61
2020-07-24,30.78,27.79,89.08,1.25,12.52
2020-07-25,6.2,29.05,84.21,1.33,18.93
2020-07-26,0.11,29.17,83.39,0.97,17.99
2020-07-27,0.63,28.32,90.82,1.62,14.45
2020-07-28,16.59,28.8,88.73,1.55,7.99
2020-07-29,4.37,27.95,89.65,1.6,15.11
2020-07-30,3.33,28.28,87.83,0.98,5.77
2020-07-31,12.41,28.27,87.46,1.46,14.33
2020-08-01,10.12,29.08,83.67,0.84,18.67
2020-08-02,0.49,30.0,81.59,1.16,16.97
2020-08-03,0.74,30.04,84.41,1.46,18.65
2020-08-04,8.07,29.77,86.37,1.38,21.59
2020-08-05,18.79,29.47,88.72,2.87,21.17
2020-08-06,5.02,28.7,89.69,4.76,20.22
2020-08-07,1.93,29.48,84.98,1.5,18.13
2020-08-08,1.14,30.14,81.21,0.83,20.76
2020-08-09,5.86,29.28,89.21,1.36,13.92
2020-08-10,2.03,29.41,86.13,2.38,16.43
2020-08-11,14.37,28.65,91.5,1.33,15.79
2020-08-12,25.69,29.27,86.88,0.91,10.63
2020-08-13,10.38,28.65,89.27,1.61,17.16
2020-08-14,2.07,29.58,87.71,1.8,20.59
2020-08-15,0.3,27.73,89.81,2.18,19.36
2020-08-16,1.25,28.81,88.27,3.34,14.67
2020-08-17,2.68,29.36,87.13,2.52,15.83
2020-08-18,0.99,29.85,86.64,1.76,17.0
2020-08-19,0.62,29.4,86.51,2.24,20.37
2020-08-20,3.12,28.09,88.3,5.31,13.24
2020-08-21,5.65,27.49,89.71,5.03,14.33
2020-08-22,2.65,28.18,87.53,2.45,15.35
2020-08-23,5.58,28.62,86.03,1.59,15.26
2020-08-24,0.64,28.61,85.28,1.35,18.18
2020-08-25,3.87,28.27,85.47,1.62,18.8
2020-08-26,5.32,28.87,86.75,2.17,19.78
2020-08-27,5.59,28.18,88.66,4.22,13.8
2020-08-28,5.25,28.04,87.38,4.34,17.94
2020-08-29,0.64,28.99,84.82,2.58,21.62
2020-08-30,0.0,29.1,84.15,1.81,21.64
2020-08-31,0.37,28.95,85.6,2.24,19.15
2020-09-01,11.49,28.57,89.26,1.73,14.63
2020-09-02,12.84,28.61,87.44,2.37,17.45
2020-09-03,0.02,28.84,85.08,2.26,22.39
2020-09-04,0.95,29.41,82.92,1.29,20.92
2020-09-05,1.53,29.15,84.83,1.24,17.81
2020-09-06,7.0,29.02,85.35,1.24,16.17
2020-09-07,0.79,28.54,88.43,1.24,12.93
2020-09-08,6.33,29.13,83.06,1.28,14.76
2020-09-09,7.96,29.12,81.26,0.84,15.59
2020-09-10,4.42,29.88,80.18,1.02,15.04
2020-09-11,1.0,28.52,89.77,1.3,13.7
2020-09-12,0.89,29.02,80.96,0.54,12.55
2020-09-13,0.54,28.18,84.53,0.71,12.72
2020-09-14,0.66,28.58,87.4,0.76,15.36
2020-09-15,11.35,28.09,89.48,1.2,12.65
2020-09-16,3.62,29.09,82.68,0.74,16.13
2020-09-17,0.55,29.66,81.17,0.89,12.68
2020-09-18,1.04,28.03,88.8,1.16,11.48
2020-09-19,2.35,28.23,88.15,1.62,18.07
2020-09-20,2.86,29.18,84.77,1.21,19.53
2020-09-21,7.98,28.41,92.02,2.12,12.4
2020-09-22,36.19,27.51,92.98,3.47,9.32
2020-09-23,25.12,28.04,91.24,2.88,11.75
2020-09-24,64.84,27.76,91.87,2.25,9.24
2020-09-25,30.39,27.64,90.83,2.5,6.59
2020-09-26,7.53,27.68,82.86,2.1,8.07
2020-09-27,0.15,26.35,79.34,1.13,14.65
2020-09-28,0.0,27.18,82.42,1.02,17.14
2020-09-29,0.0,27.39,84.37,1.15,18.37
2020-09-30,0.04,27.55,81.08,1.02,17.9
2020-10-01,0.25,27.23,80.74,1.1,13.02
2020-10-02,0.05,27.8,77.89,0.64,15.13
2020-10-03,32.47,26.59,87.75,0.64,10.49
2020-10-04,14.25,27.96,85.44,0.69,14.41
2020-10-05,13.46,28.05,86.69,0.7,15.49
2020-10-06,3.33,28.15,85.29,0.81,17.08
2020-10-07,2.07,27.79,84.88,0.98,16.97
2020-10-08,1.34,26.18,88.35,1.09,16.91
2020-10-09,0.22,26.79,81.77,1.05,18.32
2020-10-10,0.01,26.47,78.41,0.94,19.65
2020-10-11,0.0,27.51,75.45,0.58,19.14
2020-10-12,0.07,27.58,80.26,0.92,17.08
2020-10-13,0.38,27.75,87.39,1.44,17.36
2020-10-14,0.22,27.91,85.48,1.07,17.72
2020-10-15,0.04,28.33,80.26,0.65,17.79
2020-10-16,0.0,28.77,77.25,0.59,17.21
2020-10-17,0.0,28.51,75.72,0.61,17.0
2020-10-18,0.0,27.87,75.53,0.9,17.13
2020-10-19,0.0,26.75,78.14,1.13,16.5
2020-10-20,0.0,27.15,78.54,0.89,16.29
2020-10-21,0.0,27.23,81.95,0.87,16.46
2020-10-22,0.0,26.83,85.49,1.16,16.69
2020-10-23,0.09,26.75,83.37,0.96,16.16
2020-10-24,0.01,24.95,76.1,1.5,16.67
2020-10-25,0.0,22.73,73.06,1.44,17.6
2020-10-26,0.0,23.12,75.4,1.52,16.33
2020-10-27,0.0,21.59,80.06,1.31,17.13
2020-10-28,0.0,21.98,71.23,1.04,17.16
2020-10-29,0.0,22.81,68.13,0.88,18.86
2020-10-30,0.0,23.02,74.27,1.23,18.33
2020-10-31,0.0,23.61,73.68,1.8,17.42
2020-11-01,0.0,22.6,73.72,1.65,16.63
2020-11-02,0.0,20.47,74.76,1.72,15.13
2020-11-03,0.0,19.38,75.24,1.95,13.97
2020-11-04,0.0,19.24,70.99,1.93,14.92
2020-11-05,0.0,19.44,68.6,1.51,15.62
2020-11-06,0.0,19.19,70.46,1.01,13.83
2020-11-07,0.0,19.42,71.64,0.78,14.43
2020-11-08,0.0,20.78,68.8,0.62,17.26
2020-11-09,0.0,21.04,70.46,0.73,17.66
2020-11-10,0.0,21.22,75.36,1.2,17.64
2020-11-11,0.0,21.89,76.83,0.94,17.38
2020-11-12,0.0,22.52,72.54,0.96,17.13
2020-11-13,0.0,22.51,74.34,1.38,15.29
2020-11-14,0.0,22.64,71.58,1.09,14.92
2020-11-15,0.0,22.59,71.84,0.89,15.43
2020-11-16,0.01,22.53,73.96,0.74,13.98
2020-11-17,0.0,21.49,80.63,1.85,15.45
2020-11-18,0.05,21.6,76.22,1.18,14.18
2020-11-19,0.55,20.14,85.12,0.94,8.91
2020-11-20,0.12,21.71,82.19,0.78,11.18
2020-11-21,0.0,18.06,70.55,2.04,12.03
2020-11-22,0.0,16.19,63.31,1.77,14.26
2020-11-23,0.0,16.68,59.56,0.94,14.31
2020-11-24,0.0,16.77,63.97,1.04,13.44
2020-11-25,0.0,17.46,65.39,0.95,14.41
2020-11-26,0.0,18.21,69.86,0.84,11.06
2020-11-27,0.32,18.74,70.03,1.21,5.01
2020-11-28,0.0,17.83,67.18,1.7,13.06
2020-11-29,0.0,17.78,65.2,1.49,14.23
2020-11-30,0.0,17.4,63.92,1.39,13.74
2020-12-01,0.0,17.37,62.15,1.12,13.6
2020-12-02,0.0,16.95,61.35,1.37,13.73
2020-12-03,0.0,16.17,69.66,1.13,12.07
2020-12-04,0.0,16.28,72.46,1.17,10.12
2020-12-05,0.0,16.7,71.79,1.13,9.14
2020-12-06,0.0,18.35,68.21,1.1,7.86
2020-12-07,0.0,18.15,70.52,1.2,8.35
2020-12-08,0.0,18.01,76.13,1.01,6.88
2020-12-09,0.0,18.12,66.64,1.3,4.89
2020-12-10,0.0,17.75,68.49,1.62,5.94
2020-12-11,0.0,18.3,68.41,1.64,6.41
2020-12-12,0.0,18.78,71.15,1.43,9.79
2020-12-13,0.0,19.01,73.28,2.57,9.51
2020-12-14,0.0,18.42,72.13,1.99,11.87
2020-12-15,0.02,17.87,66.67,1.47,8.68
2020-12-16,0.2,17.09,79.21,2.34,5.49
2020-12-17,0.0,15.99,70.75,2.44,12.6
2020-12-18,0.0,13.4,58.09,2.36,14.49
2020-12-19,0.0,12.47,50.18,1.73,12.15
2020-12-20,0.0,12.61,50.98,1.49,9.39
2020-12-21,0.0,11.78,53.94,1.43,7.77
2020-12-22,0.0,13.87,52.49,1.18,10.19
2020-12-23,0.0,15.24,54.3,1.16,11.79
2020-12-24,0.0,15.11,55.78,1.5,12.43
2020-12-25,0.0,14.14,59.93,2.07,12.8
2020-12-26,0.12,13.89,55.49,1.8,12.25
2020-12-27,0.0,14.45,52.16,1.55,12.32
2020-12-28,0.0,16.44,54.97,1.37,11.83
2020-12-29,0.0,16.09,60.04,1.51,10.5
2020-12-30,0.0,13.47,56.44,1.74,10.8
2020-12-31,0.0,13.52,54.26,2.06,13.29
2021-01-01,0.0,15.17,54.36,1.41,12.55
2021-01-02,0.0,16.86,60.81,1.42,13.5
2021-01-03,0.0,18.8,57.79,1.09,9.96
2021-01-04,0.0,19.75,59.41,0.96,11.31
2021-01-05,0.0,19.87,67.02,0.89,10.52
2021-01-06,0.0,21.56,61.83,1.83,8.88
2021-01-07,0.0,20.59,60.47,2.02,12.63
2021-01-08,0.0,19.63,65.14,1.96,11.98
2021-01-09,0.0,20.82,62.89,2.06,10.7
2021-01-10,0.0,20.91,71.57,2.54,11.79
2021-01-11,0.0,19.24,66.82,2.39,11.92
2021-01-12,0.0,15.59,54.91,2.07,11.25
2021-01-13,0.0,13.57,45.35,1.65,10.8
2021-01-14,0.0,13.41,47.21,1.25,8.2
2021-01-15,0.0,13.25,45.84,1.41,4.81
2021-01-16,0.0,14.39,42.68,1.54,4.78
2021-01-17,0.0,14.73,45.24,1.21,6.14
2021-01-18,0.0,15.06,59.38,1.06,8.01
2021-01-19,0.0,16.27,55.66,1.4,7.11
2021-01-20,0.0,16.65,53.72,2.31,7.79
2021-01-21,0.0,15.29,47.85,2.31,8.93
2021-01-22,0.0,15.86,40.96,1.03,9.49
2021-01-23,0.0,16.0,44.56,1.13,6.77
2021-01-24,0.0,17.76,41.79,1.14,10.47
2021-01-25,0.0,17.34,48.47,1.24,8.01
2021-01-26,0.0,15.92,54.99,1.58,10.81
2021-01-27,0.0,14.54,42.75,1.82,9.12
2021-01-28,0.0,14.82,37.41,1.13,10.8
2021-01-29,0.02,14.8,42.87,1.57,7.77
2021-01-30,0.0,12.96,42.39,2.11,9.42
2021-01-31,0.0,14.0,39.1,1.7,11.96
2021-02-01,0.0,14.88,38.54,1.62,12.56
2021-02-02,0.0,16.3,37.08,1.35,12.92
2021-02-03,0.0,18.23,37.8,1.32,14.19
2021-02-04,0.0,19.09,39.52,0.92,16.66
2021-02-05,0.0,19.45,43.41,1.1,16.2
2021-02-06,0.59,16.8,60.14,1.8,10.76
2021-02-07,0.0,16.71,46.2,2.02,15.68
2021-02-08,0.0,16.51,44.22,1.95,17.32
2021-02-09,0.0,18.09,40.26,1.4,17.29
2021-02-10,0.0,19.58,39.53,0.89,14.14
2021-02-11,0.0,20.17,40.97,1.38,13.76
2021-02-12,0.0,20.17,41.38,1.34,13.11
2021-02-13,0.0,20.61,37.27,0.89,13.63
2021-02-14,0.0,20.3,37.22,1.4,15.73
2021-02-15,0.0,19.89,36.43,1.77,15.91
2021-02-16,0.0,20.41,39.14,1.48,14.56
2021-02-17,0.01,22.39,40.41,1.05,12.66
2021-02-18,0.07,23.01,39.17,0.84,14.56
2021-02-19,0.01,21.85,40.03,1.12,15.61
2021-02-20,0.0,21.18,33.77,1.35,17.75
2021-02-21,0.0,21.17,32.59,1.82,18.69
2021-02-22,0.0,21.22,34.25,1.54,17.95
2021-02-23,0.0,22.33,34.17,1.46,16.62
2021-02-24,0.0,22.76,35.51,1.89,16.01
2021-02-25,0.0,23.06,32.94,2.57,19.76
2021-02-26,0.0,23.13,33.65,1.78,19.04
2021-02-27,0.0,24.0,32.81,2.63,19.38
2021-02-28,0.0,25.51,34.67,2.65,19.46
2021-03-01,0.0,25.43,33.22,2.25,21.1
2021-03-02,0.0,22.74,26.65,2.54,21.92
2021-03-03,0.0,22.86,23.66,1.55,21.17
2021-03-04,0.0,24.18,24.73,2.08,20.58
2021-03-05,0.0,24.86,27.73,2.13,20.75
2021-03-06,0.0,24.41,25.15,2.49,21.31
2021-03-07,0.0,25.27,23.22,1.47,20.1
2021-03-08,0.0,24.58,30.36,1.4,19.12
2021-03-09,0.0,26.4,30.99,1.4,18.4
2021-03-10,0.0,27.82,27.8,1.48,17.52
2021-03-11,0.0,28.79,25.18,0.96,18.16
2021-03-12,0.08,28.85,35.32,0.93,17.39
2021-03-13,0.32,27.04,39.91,1.78,7.19
2021-03-14,0.0,26.86,34.49,2.35,20.04
2021-03-15,0.0,26.82,29.06,2.12,22.32
2021-03-16,0.0,26.73,26.94,2.28,21.17
2021-03-17,0.0,26.95,24.75,2.42,20.15
2021-03-18,0.0,27.62,23.78,2.3,20.31
2021-03-19,0.0,29.1,22.43,2.09,16.86
2021-03-20,0.0,29.34,29.71,2.81,15.37
2021-03-21,0.0,29.24,25.06,2.47,19.62
2021-03-22,0.0,30.02,20.42,2.06,22.11
2021-03-23,0.0,31.29,19.48,2.02,20.04
2021-03-24,0.0,31.52,23.78,3.91,20.27
2021-03-25,0.0,29.77,17.94,4.09,23.31
2021-03-26,0.0,28.31,13.79,3.28,23.8
2021-03-27,0.0,28.43,19.07,1.95,23.44
2021-03-28,0.0,30.39,17.93,1.58,23.13
2021-03-29,0.0,31.44,18.31,1.74,19.6
2021-03-30,0.0,31.93,18.18,2.56,20.94
2021-03-31,0.0,31.15,13.89,3.46,22.34
2021-04-01,0.0,29.43,9.11,3.05,26.57
2021-04-02,0.0,28.54,8.32,2.13,26.47
2021-04-03,0.0,29.0,8.72,1.9,25.5
2021-04-04,0.0,28.85,7.62,2.48,25.69
2021-04-05,0.0,29.59,9.97,1.42,22.95
2021-04-06,0.0,31.33,12.77,1.71,20.92
2021-04-07,0.0,32.44,22.63,2.13,20.56
2021-04-08,0.0,32.84,22.2,1.39,20.69
2021-04-09,0.09,32.31,16.99,1.39,12.58
2021-04-10,0.01,32.56,15.92,1.85,22.34
2021-04-11,0.0,32.34,11.2,2.37,23.29
2021-04-12,0.0,32.53,9.53,2.82,21.7
2021-04-13,0.0,33.1,12.88,2.77,24.41
2021-04-14,0.0,33.41,13.35,2.43,24.61
2021-04-15,0.0,33.96,13.34,1.71,21.5
2021-04-16,0.0,33.94,15.7,1.61,21.91
2021-04-17,0.05,33.43,20.29,1.78,22.13
2021-04-18,0.01,32.63,24.43,2.72,23.33
2021-04-19,0.0,32.74,14.57,4.11,26.67
2021-04-20,0.0,33.93,13.05,3.1,25.42
2021-04-21,3.21,33.97,16.94,1.02,17.03
2021-04-22,0.81,31.03,34.64,1.35,13.73
2021-04-23,0.02,31.3,25.28,2.78,24.24
2021-04-24,0.0,33.52,20.91,1.44,25.86
2021-04-25,0.0,33.84,17.89,1.75,24.29
2021-04-26,0.0,32.33,15.15,1.84,23.78
2021-04-27,0.0,34.26,12.53,1.45,23.58
2021-04-28,0.0,35.01,11.7,1.2,24.27
2021-04-29,0.0,34.21,24.72,2.63,21.43
2021-04-30,0.0,34.58,27.57,1.65,20.66
2021-05-01,0.0,34.43,25.14,1.28,21.99
2021-05-02,0.0,33.73,27.97,1.88,20.81
2021-05-03,0.13,33.55,26.8,2.16,17.56
2021-05-04,0.35,32.9,28.62,1.63,20.4
2021-05-05,0.12,32.08,38.81,2.12,16.32
2021-05-06,0.02,32.95,39.97,2.73,22.72
2021-05-07,0.18,34.32,35.83,2.1,20.59
2021-05-08,1.13,33.87,36.2,1.88,22.28
2021-05-09,4.11,33.22,38.86,2.4,16.04
2021-05-10,0.0,32.48,37.06,1.6,17.08
2021-05-11,1.5,32.66,33.83,1.5,14.21
2021-05-12,1.91,31.8,38.42,2.11,14.58
2021-05-13,6.93,29.8,54.08,2.32,19.35
2021-05-14,0.0,32.04,39.6,1.91,24.26
2021-05-15,0.0,34.94,29.94,1.53,23.56
2021-05-16,0.0,36.09,30.19,1.06,23.61
2021-05-17,0.0,36.73,31.99,1.99,21.22
2021-05-18,8.91,34.41,37.47,1.93,14.8
2021-05-19,3.49,31.74,47.29,2.43,17.48
2021-05-20,41.72,27.89,73.98,1.71,4.42
2021-05-21,1.91,29.72,65.81,1.97,16.42
2021-05-22,0.0,31.83,45.64,2.43,20.79
2021-05-23,0.0,32.69,37.27,2.4,24.01
2021-05-24,0.0,33.25,35.44,2.83,26.1
2021-05-25,0.2,31.61,44.88,3.53,13.31
2021-05-26,14.33,30.47,65.85,3.93,11.36
2021-05-27,55.19,27.44,84.29,8.12,4.63
2021-05-28,73.42,26.74,87.7,7.19,4.65
2021-05-29,9.34,29.6,78.01,3.1,13.51
2021-05-30,1.83,29.88,75.45,1.6,12.71
2021-05-31,0.55,31.33,69.42,2.0,17.74
2021-06-01,11.02,31.77,66.02,1.34,15.98
2021-06-02,2.29,31.55,62.86,0.84,24.36
2021-06-03,0.0,32.29,59.43,0.97,25.52
2021-06-04,0.0,32.33,62.62,2.11,23.18
2021-06-05,0.51,32.74,61.07,3.07,23.58
2021-06-06,0.17,32.22,61.07,3.27,24.69
2021-06-07,0.0,33.29,58.26,3.99,24.91
2021-06-08,3.15,33.74,58.12,3.08,23.21
2021-06-09,13.95,32.09,66.28,0.81,14.05
2021-06-10,0.66,30.75,70.54,2.09,16.95
2021-06-11,0.86,29.98,73.64,2.58,14.61
2021-06-12,13.71,29.28,80.38,2.91,9.4
2021-06-13,11.92,29.21,81.48,4.01,12.34
2021-06-14,21.37,29.63,84.51,3.84,11.17
2021-06-15,19.79,29.21,84.14,4.25,10.61
2021-06-16,40.66,28.68,85.8,2.02,7.31
2021-06-17,9.32,28.74,85.95,2.2,13.81
2021-06-18,14.01,28.35,83.25,3.77,15.75
2021-06-19,22.4,28.45,84.35,2.09,6.12
2021-06-20,19.97,28.99,82.4,2.53,10.01
2021-06-21,13.01,29.08,83.23,2.05,13.86
2021-06-22,6.38,30.31,79.12,1.46,12.69
2021-06-23,6.1,29.96,84.0,1.79,17.21
2021-06-24,2.43,29.82,80.56,1.6,18.62
2021-06-25,18.66,29.94,79.47,1.05,12.84
2021-06-26,34.67,28.42,88.61,2.58,8.91
2021-06-27,8.85,29.51,81.82,1.95,17.17
2021-06-28,5.29,29.87,83.0,1.57,17.04
2021-06-29,2.69,28.88,87.61,3.19,7.64
2021-06-30,1.32,30.04,85.1,3.37,11.86
2021-07-01,9.55,29.34,87.46,3.57,12.06
2021-07-02,3.01,28.68,84.32,3.48,12.31
2021-07-03,1.05,29.3,84.42,2.07,17.42
2021-07-04,1.08,30.04,78.08,1.22,17.21
2021-07-05,11.1,30.05,80.53,1.41,15.97
2021-07-06,1.88,30.61,79.77,1.69,18.33
2021-07-07,4.26,30.69,79.6,1.16,12.09
2021-07-08,14.82,28.86,87.52,2.34,12.89
2021-07-09,15.19,29.74,83.28,2.37,17.37
2021-07-10,1.66,29.86,82.88,3.24,18.21
2021-07-11,2.61,28.57,87.86,3.35,12.65
2021-07-12,0.68,29.42,83.62,3.15,24.42
2021-07-13,0.01,29.66,81.31,2.25,21.55
2021-07-14,0.02,29.59,82.59,2.68,22.46
2021-07-15,0.2,29.77,81.29,2.0,22.02
2021-07-16,1.24,30.31,79.35,1.59,18.81
2021-07-17,5.01,28.33,92.31,2.0,6.31
2021-07-18,24.43,28.72,90.34,1.83,11.25
2021-07-19,9.0,29.13,87.05,1.0,17.7
2021-07-20,5.94,29.05,86.19,1.64,7.71
2021-07-21,4.71,29.56,84.3,1.31,17.61
2021-07-22,2.66,29.46,85.83,2.84,20.2
2021-07-23,3.19,29.59,85.89,3.32,23.2
2021-07-24,4.41,29.37,85.71,4.53,18.57
2021-07-25,0.6,30.52,80.79,2.06,19.06
2021-07-26,4.25,29.68,85.56,1.65,15.98
2021-07-27,5.83,28.96,88.21,1.25,9.32
2021-07-28,65.74,29.08,87.44,1.45,11.52
2021-07-29,19.83,29.04,84.73,1.29,18.58
2021-07-30,21.03,28.75,88.21,4.75,13.66
2021-07-31,13.21,28.86,87.83,5.61,10.27
2021-08-01,4.29,28.49,89.66,2.37,17.82
2021-08-02,4.57,29.45,82.79,1.91,16.63
2021-08-03,3.4,29.73,83.32,0.99,18.37
2021-08-04,15.03,28.31,87.57,1.37,10.1
2021-08-05,0.58,29.57,80.96,0.81,18.59
2021-08-06,3.82,29.7,84.69,1.06,21.01
2021-08-07,15.87,29.88,84.57,1.71,16.86
2021-08-08,24.64,29.41,85.49,1.51,14.01
2021-08-09,15.45,29.45,86.22,1.31,15.62
2021-08-10,8.92,29.05,90.02,2.1,15.54
2021-08-11,24.27,28.18,93.95,3.2,16.9
2021-08-12,11.24,28.69,88.85,2.74,8.45
2021-08-13,1.72,29.06,87.28,2.75,12.3
2021-08-14,4.52,29.07,88.82,2.64,18.75
2021-08-15,10.66,29.61,86.04,1.73,16.94
2021-08-16,6.7,29.96,82.82,1.07,17.17
2021-08-17,3.51,28.8,86.77,1.19,16.11
2021-08-18,8.96,28.91,87.25,1.38,18.5
2021-08-19,15.59,28.67,89.89,2.94,17.06
2021-08-20,22.01,28.24,89.31,3.36,18.38
2021-08-21,2.25,28.84,84.52,1.73,20.51
2021-08-22,2.66,27.89,88.82,2.56,19.12
2021-08-23,15.63,28.41,89.42,2.33,10.21
2021-08-24,11.22,28.58,91.17,2.48,13.58
2021-08-25,14.12,28.68,90.01,3.19,12.47
2021-08-26,27.57,27.73,92.83,2.81,4.19
2021-08-27,8.53,28.52,87.63,1.11,10.42
2021-08-28,5.6,27.81,90.17,1.55,13.14
2021-08-29,8.25,27.34,93.1,2.54,17.54
2021-08-30,2.29,27.83,89.28,2.43,18.28
2021-08-31,0.69,27.51,88.51,1.72,18.82
2021-09-01,0.98,28.95,85.79,1.48,22.34
2021-09-02,1.9,28.87,86.62,1.73,11.22
2021-09-03,3.1,29.08,84.24,1.03,17.43
2021-09-04,2.75,28.75,86.78,1.42,19.35
2021-09-05,1.37,29.67,81.84,0.81,17.89
2021-09-06,0.37,28.64,89.77,1.79,17.84
2021-09-07,5.79,28.0,90.47,3.88,13.82
2021-09-08,3.14,28.09,86.88,2.41,19.67
2021-09-09,0.11,28.35,86.27,1.83,18.74
2021-09-10,1.63,28.12,88.53,1.89,22.46
2021-09-11,7.32,27.36,92.66,1.68,19.5
2021-09-12,9.53,28.4,86.06,1.23,22.72
2021-09-13,9.46,28.12,90.92,3.98,18.68
2021-09-14,10.74,27.26,91.31,6.1,7.97
2021-09-15,9.45,26.65,93.75,4.97,5.57
2021-09-16,7.68,26.76,91.26,2.85,13.44
2021-09-17,8.06,27.55,88.93,2.0,9.83
2021-09-18,4.04,28.65,85.39,1.22,14.69
2021-09-19,2.42,28.86,84.82,0.89,16.88
2021-09-20,5.64,28.99,86.65,1.02,17.23
2021-09-21,1.68,27.97,88.68,1.87,18.95
2021-09-22,1.48,26.99,88.8,2.83,17.12
2021-09-23,3.22,27.24,88.11,2.64,15.99
2021-09-24,0.14,28.7,79.15,1.12,19.16
2021-09-25,1.09,28.94,77.57,0.8,18.66
2021-09-26,1.41,27.7,91.2,1.6,18.0
2021-09-27,2.31,27.72,90.55,1.6,14.61
2021-09-28,2.55,27.8,87.63,1.82,19.74
2021-09-29,1.29,26.83,89.43,2.54,14.43
2021-09-30,18.76,26.97,92.23,2.86,7.81
2021-10-01,27.57,26.28,95.08,3.61,11.0
2021-10-02,18.83,26.45,95.01,2.86,7.23
2021-10-03,11.37,26.52,93.34,3.33,7.35
2021-10-04,2.91,27.85,87.07,1.48,17.24
2021-10-05,0.02,28.59,82.14,0.92,16.79
2021-10-06,0.0,27.82,86.61,1.22,17.07
2021-10-07,0.07,27.69,88.47,1.7,17.02
2021-10-08,0.56,27.02,86.86,1.89,14.18
2021-10-09,1.12,26.23,84.96,1.21,17.54
2021-10-10,0.0,26.99,83.73,1.15,16.81
2021-10-11,0.0,26.77,83.69,1.04,17.04
2021-10-12,0.0,26.22,84.81,1.51,17.96
2021-10-13,0.0,26.51,84.63,1.36,18.91
2021-10-14,0.0,27.27,84.29,1.29,16.94
2021-10-15,0.0,27.39,87.24,1.08,15.89
2021-10-16,0.08,27.39,89.64,0.99,16.85
2021-10-17,3.43,27.25,91.49,2.08,14.08
2021-10-18,8.94,26.13,94.07,4.25,10.71
2021-10-19,25.99,27.35,91.0,1.98,11.22
2021-10-20,3.05,25.41,88.49,3.26,9.46
2021-10-21,0.62,22.83,83.56,2.45,16.45
2021-10-22,0.0,22.89,82.86,1.92,15.91
2021-10-23,0.0,23.48,82.63,0.88,15.0
2021-10-24,0.0,24.16,84.96,1.15,14.9
2021-10-25,0.0,23.85,83.71,1.61,13.37
2021-10-26,0.0,23.2,84.0,1.72,14.54
2021-10-27,0.0,22.28,82.49,1.78,15.65
2021-10-28,0.0,20.82,79.07,1.74,15.36
2021-10-29,0.0,20.91,79.66,1.48,17.72
2021-10-30,0.0,19.74,80.05,1.76,17.31
2021-10-31,0.0,19.76,80.07,1.95,16.06
2021-11-01,0.0,20.22,74.71,1.38,15.28
2021-11-02,0.0,21.19,69.19,1.01,15.36
2021-11-03,0.0,20.28,74.74,1.25,15.22
2021-11-04,0.0,20.03,83.08,1.66,15.34
2021-11-05,0.0,19.69,85.43,1.54,14.38
2021-11-06,0.0,19.38,86.41,2.1,15.09
2021-11-07,0.0,18.92,85.62,1.79,14.81
2021-11-08,0.0,19.12,86.18,1.23,14.55
2021-11-09,0.0,19.98,84.71,1.08,15.44
2021-11-10,0.0,20.2,83.67,1.14,15.42
2021-11-11,0.0,20.24,82.27,0.93,15.4
2021-11-12,0.0,19.89,81.61,1.28,14.46
2021-11-13,0.02,19.33,84.01,1.36,13.65
2021-11-14,0.08,18.69,81.47,1.28,13.48
2021-11-15,0.02,18.2,80.74,1.1,13.81
2021-11-16,0.0,18.04,84.52,1.26,14.43
2021-11-17,0.0,17.98,78.73,0.91,14.6
2021-11-18,0.0,18.53,80.1,1.21,14.13
2021-11-19,0.0,17.96,84.31,1.56,13.97
2021-11-20,0.0,18.58,83.72,1.97,9.8
2021-11-21,0.0,20.34,83.64,2.42,13.03
2021-11-22,0.0,19.56,80.56,2.5,13.85
2021-11-23,0.0,16.41,76.25,1.97,14.34
2021-11-24,0.0,16.86,71.08,0.88,13.16
2021-11-25,0.0,17.45,69.94,0.97,11.99
2021-11-26,0.0,16.71,77.59,1.0,12.68
2021-11-27,0.0,17.64,81.25,0.89,12.42
2021-11-28,0.0,17.55,84.6,1.32,12.46
2021-11-29,0.0,16.67,83.37,1.34,12.2
2021-11-30,0.0,16.85,77.63,1.46,12.87
2021-12-01,0.0,17.7,76.51,1.06,14.86
2021-12-02,0.0,18.1,80.14,1.31,12.0
2021-12-03,0.0,17.71,82.09,1.25,12.9
2021-12-04,0.0,19.34,79.21,0.95,12.67
2021-12-05,0.01,20.49,86.57,1.09,13.51
2021-12-06,0.0,21.55,81.52,0.89,12.32
2021-12-07,0.0,19.88,80.71,2.12,13.62
2021-12-08,0.0,17.0,73.88,2.05,14.11
2021-12-09,0.0,17.25,73.08,1.3,13.29
2021-12-10,0.0,16.82,74.36,1.9,10.29
2021-12-11,0.0,14.99,73.03,1.97,12.27
2021-12-12,0.0,15.25,74.7,1.03,10.94
2021-12-13,0.0,14.68,74.64,1.21,12.1
2021-12-14,0.0,14.47,79.02,1.42,12.34
2021-12-15,0.0,14.69,81.04,1.77,11.46
2021-12-16,0.0,15.54,78.04,2.01,13.95
2021-12-17,0.0,16.46,80.89,2.03,14.18
2021-12-18,0.0,14.71,71.95,2.71,10.59
2021-12-19,0.0,10.42,70.42,2.15,13.96
2021-12-20,0.0,10.97,73.35,1.92,11.67
2021-12-21,0.0,11.23,70.75,1.57,11.86
2021-12-22,0.0,11.41,68.32,1.39,11.73
2021-12-23,0.0,13.38,65.56,1.16,11.26
2021-12-24,0.0,14.98,64.9,0.88,11.63
2021-12-25,0.0,15.12,74.44,1.1,11.44
2021-12-26,0.0,16.38,82.37,0.99,9.68
2021-12-27,0.0,17.19,82.0,0.82,10.18
2021-12-28,4.01,17.26,85.3,1.66,9.42
2021-12-29,5.93,17.41,90.16,1.8,3.77
2021-12-30,1.08,16.63,84.19,0.87,12.37
2021-12-31,0.02,14.79,80.31,1.65,12.32
2022-01-01,0.0,15.11,79.23,1.45,3.67
2022-01-02,0.0,13.74,77.34,1.51,8.98
2022-01-03,0.0,13.3,75.17,1.82,7.85
2022-01-04,0.0,13.02,73.27,1.49,6.14
2022-01-05,0.0,15.08,67.53,1.11,5.24
2022-01-06,0.01,16.65,68.48,1.13,8.14
2022-01-07,0.13,17.04,80.82,1.31,10.94
2022-01-08,0.03,17.94,81.05,1.21,12.81
2022-01-09,0.01,18.64,78.94,1.2,8.83
2022-01-10,0.34,17.67,84.22,1.01,11.13
2022-01-11,0.29,17.83,81.79,1.57,7.2
2022-01-12,7.3,14.71,88.34,1.93,7.09
2022-01-13,0.28,13.94,74.85,2.08,11.72
2022-01-14,0.01,13.85,70.43,1.29,11.17
2022-01-15,0.0,13.56,72.16,1.86,12.9
2022-01-16,0.0,12.31,74.29,2.27,12.98
2022-01-17,0.0,11.61,78.65,1.64,8.88
2022-01-18,0.0,12.77,74.63,1.74,7.34
2022-01-19,0.0,12.45,72.47,1.94,6.98
2022-01-20,0.01,14.04,71.19,1.69,8.22
2022-01-21,0.02,16.54,60.77,0.79,12.34
2022-01-22,0.02,16.68,68.38,0.85,10.18
2022-01-23,3.75,16.59,79.84,1.91,4.73
2022-01-24,0.43,17.69,77.24,1.1,9.16
2022-01-25,0.02,16.19,71.4,1.82,6.05
2022-01-26,0.0,13.47,68.52,2.23,8.87
2022-01-27,0.0,12.86,69.07,2.77,12.02
2022-01-28,0.0,12.84,68.3,2.93,9.78
2022-01-29,0.0,12.05,64.17,2.25,12.36
2022-01-30,0.0,14.07,58.57,2.22,14.93
2022-01-31,0.0,15.06,62.1,1.44,12.81
2022-02-01,0.0,15.47,65.97,2.26,9.58
2022-02-02,0.0,16.28,62.39,1.6,12.07
2022-02-03,0.54,17.08,64.36,2.73,12.29
2022-02-04,27.93,16.16,78.79,2.92,4.97
2022-02-05,1.13,13.54,70.62,2.79,11.62
2022-02-06,0.01,13.22,64.87,1.85,15.72
2022-02-07,0.0,14.08,62.74,1.33,14.89
2022-02-08,0.0,15.68,59.68,1.45,15.55
2022-02-09,0.11,17.71,61.35,1.48,12.77
2022-02-10,0.1,18.07,70.77,1.74,12.46
2022-02-11,0.0,16.15,60.91,3.01,18.38
2022-02-12,0.0,15.34,57.69,2.35,17.58
2022-02-13,0.0,16.48,54.06,1.31,16.9
2022-02-14,0.0,16.99,50.67,1.37,16.7
2022-02-15,0.0,16.74,58.94,1.64,17.7
2022-02-16,0.0,16.97,60.53,1.89,17.62
2022-02-17,0.0,17.44,55.05,2.22,18.43
2022-02-18,0.0,17.52,52.31,2.12,19.19
2022-02-19,0.0,18.57,54.35,2.69,19.43
2022-02-20,0.0,18.96,51.08,3.06,18.54
2022-02-21,0.0,18.67,47.08,1.75,18.93
2022-02-22,0.0,18.64,43.84,0.94,17.85
2022-02-23,0.0,19.02,52.06,1.61,18.18
2022-02-24,0.6,21.17,59.34,1.68,12.79
2022-02-25,0.54,21.86,67.31,1.47,14.97
2022-02-26,0.7,21.87,61.21,1.07,17.21
2022-02-27,0.05,22.82,54.34,1.22,14.29
2022-02-28,0.0,21.52,51.7,2.26,19.41
2022-03-01,0.0,20.62,44.31,1.73,19.62
2022-03-02,0.0,20.94,46.85,1.52,20.17
2022-03-03,0.0,21.47,45.37,1.74,20.02
2022-03-04,0.0,22.36,44.1,2.52,20.94
2022-03-05,0.0,22.22,48.31,2.43,20.47
2022-03-06,0.0,22.19,42.04,1.37,20.77
2022-03-07,0.0,22.61,42.42,1.31,20.83
2022-03-08,0.0,22.67,42.46,1.85,21.25
2022-03-09,0.0,23.27,42.49,1.93,21.37
2022-03-10,0.0,23.75,40.89,1.79,21.47
2022-03-11,0.0,24.52,43.78,2.33,21.22
2022-03-12,0.0,24.41,40.11,2.02,22.03
2022-03-13,0.0,24.66,38.15,1.77,21.06
2022-03-14,0.0,25.56,38.51,1.7,22.0
2022-03-15,0.0,27.96,36.97,1.2,21.57
2022-03-16,0.0,28.99,35.11,0.8,20.81
2022-03-17,0.0,29.33,40.05,1.41,18.94
2022-03-18,0.0,29.65,50.81,1.51,19.53
2022-03-19,0.0,30.59,43.53,1.06,19.58
2022-03-20,0.0,30.79,41.08,1.05,18.8
2022-03-21,0.01,30.31,36.2,1.59,18.65
2022-03-22,0.0,29.91,33.1,1.75,19.74
2022-03-23,0.0,28.18,32.15,1.59,20.53
2022-03-24,0.0,28.38,31.32,2.66,22.49
2022-03-25,0.0,29.21,33.91,2.27,20.74
2022-03-26,0.0,28.36,27.35,3.23,23.56
2022-03-27,0.0,28.09,26.76,1.77,23.3
2022-03-28,0.0,28.92,23.76,1.71,21.59
2022-03-29,0.0,29.62,26.09,1.29,19.19
2022-03-30,0.0,28.84,38.12,1.87,18.19
2022-03-31,0.0,30.05,43.22,1.71,16.15
2022-04-01,0.0,31.8,30.28,1.42,18.55
2022-04-02,0.0,31.22,47.06,2.03,14.93
2022-04-03,0.0,32.4,39.4,1.9,15.36
2022-04-04,0.0,31.77,19.06,2.23,22.94
2022-04-05,0.01,32.15,16.97,1.47,23.03
2022-04-06,0.0,32.33,16.64,1.67,22.7
2022-04-07,0.0,31.67,23.24,1.54,22.24
2022-04-08,0.0,31.76,24.1,1.73,22.04
2022-04-09,0.0,32.0,24.95,1.7,22.12
2022-04-10,0.0,31.9,34.5,2.28,20.22
2022-04-11,0.0,32.07,39.37,2.04,20.03
2022-04-12,0.0,32.54,32.29,2.16,20.2
2022-04-13,0.0,33.07,29.38,1.66,18.27
2022-04-14,0.0,34.06,21.07,2.24,21.17
2022-04-15,0.0,33.83,17.29,3.03,24.06
2022-04-16,0.0,34.15,17.26,2.16,22.86
2022-04-17,0.0,34.45,14.89,1.69,24.12
2022-04-18,0.0,34.93,13.57,2.15,24.32
2022-04-19,0.25,33.17,36.83,2.53,21.44
2022-04-20,0.73,33.98,40.16,2.86,21.06
2022-04-21,0.02,32.65,42.29,2.56,21.06
2022-04-22,0.0,34.08,30.92,2.35,19.49
2022-04-23,0.14,34.46,19.23,3.22,25.34
2022-04-24,0.01,34.52,13.68,3.82,25.98
2022-04-25,0.0,34.58,13.78,3.43,25.8
2022-04-26,0.0,35.24,15.08,2.69,24.48
2022-04-27,0.0,36.24,14.04,2.87,23.58
2022-04-28,0.0,36.49,12.9,1.55,23.46
2022-04-29,0.0,35.28,25.78,1.93,21.47
2022-04-30,0.19,35.71,25.48,2.68,21.78
2022-05-01,0.06,34.72,37.13,3.04,22.36
2022-05-02,5.03,33.64,44.5,3.75,22.6
2022-05-03,2.27,32.18,50.5,3.76,17.17
2022-05-04,0.55,32.68,49.6,2.21,21.1
2022-05-05,5.71,31.67,48.29,2.33,16.9
2022-05-06,0.94,32.01,44.63,2.29,24.61
2022-05-07,0.0,32.69,45.63,1.9,22.46
2022-05-08,1.69,33.55,41.3,2.23,21.99
2022-05-09,9.8,32.48,48.03,3.4,16.32
2022-05-10,0.04,32.96,47.5,3.36,24.92
2022-05-11,2.93,33.58,50.34,2.1,23.99
2022-05-12,2.28,34.46,47.09,1.74,18.25
2022-05-13,1.73,35.73,41.62,1.83,20.15
2022-05-14,0.0,35.63,36.48,2.25,20.82
2022-05-15,0.0,35.28,35.66,2.32,21.42
2022-05-16,0.0,35.94,42.14,2.95,22.69
2022-05-17,0.07,36.55,40.7,2.56,22.29
2022-05-18,0.0,37.3,31.52,2.21,22.94
2022-05-19,0.01,37.1,29.55,1.9,19.19
2022-05-20,2.6,35.98,37.14,2.5,22.3
2022-05-21,0.0,35.95,36.2,2.33,22.22
2022-05-22,2.87,34.71,38.0,2.1,20.93
2022-05-23,1.01,33.57,40.65,2.82,22.18
2022-05-24,4.19,32.92,44.08,1.41,21.31
2022-05-25,0.38,33.9,39.08,1.59,20.72
2022-05-26,0.0,34.07,30.2,1.43,21.94
2022-05-27,0.0,34.46,29.33,1.62,24.94
2022-05-28,6.12,33.93,38.64,2.11,19.82
2022-05-29,0.06,34.37,41.63,2.08,11.2
2022-05-30,0.3,34.8,40.3,2.01,19.29
2022-05-31,0.03,35.36,34.51,1.83,20.29
2022-06-01,0.0,36.53,35.95,2.16,21.46
2022-06-02,0.06,36.47,33.25,1.8,20.47
2022-06-03,0.0,37.1,30.31,2.08,21.85
2022-06-04,0.0,37.3,31.24,2.04,19.55
2022-06-05,0.02,37.07,35.24,2.4,22.92
2022-06-06,0.0,36.62,39.94,2.61,18.81
2022-06-07,0.0,37.48,35.89,2.92,19.6
2022-06-08,0.27,37.43,37.25,2.99,20.05
2022-06-09,1.25,37.53,38.3,3.16,18.9
2022-06-10,0.0,38.07,33.13,2.86,21.92
2022-06-11,0.0,37.63,34.72,3.15,21.87
2022-06-12,1.31,36.71,43.53,3.57,22.62
2022-06-13,0.82,37.73,37.34,2.38,22.81
2022-06-14,0.0,38.39,33.03,2.31,21.74
2022-06-15,0.46,37.87,41.08,4.07,19.19
2022-06-16,2.09,33.15,53.97,4.65,14.41
2022-06-17,2.03,34.12,48.22,3.7,15.7
2022-06-18,14.46,32.87,55.13,3.47,18.91
2022-06-19,5.96,32.86,55.5,3.85,17.59
2022-06-20,14.81,31.71,60.36,2.4,18.74
2022-06-21,1.47,32.92,48.69,0.95,22.27
2022-06-22,0.22,33.63,48.55,2.12,18.95
2022-06-23,1.75,34.02,51.98,1.69,19.93
2022-06-24,0.9,34.91,48.72,2.26,18.6
2022-06-25,0.32,34.08,52.08,4.4,20.85
2022-06-26,0.0,32.36,57.56,4.39,19.12
2022-06-27,0.04,33.59,52.54,2.51,16.92
2022-06-28,10.42,31.87,61.73,2.25,8.07
2022-06-29,64.1,29.25,79.75,2.06,2.34
2022-06-30,19.98,29.34,80.53,2.8,10.22
2022-07-01,8.06,31.02,73.65,1.39,16.41
2022-07-02,5.46,31.04,73.62,1.87,17.43
2022-07-03,1.09,30.77,74.43,2.89,19.87
2022-07-04,0.94,32.34,68.21,3.31,22.36
2022-07-05,0.0,32.01,65.39,3.01,23.18
2022-07-06,0.99,32.11,67.24,4.88,20.27
2022-07-07,0.07,32.21,65.5,2.91,21.36
2022-07-08,0.01,33.0,59.09,3.01,23.39
2022-07-09,0.05,32.88,59.58,3.77,23.0
2022-07-10,0.01,32.98,58.37,3.78,23.62
2022-07-11,1.46,32.64,62.14,3.69,20.07
2022-07-12,1.08,32.89,61.6,4.09,23.39
2022-07-13,0.15,32.87,62.69,4.63,23.87
2022-07-14,1.3,31.98,65.69,5.27,23.04
2022-07-15,2.36,31.66,67.21,4.66,22.55
2022-07-16,0.01,33.24,60.33,4.09,23.6
2022-07-17,0.12,33.67,58.48,4.64,23.11
2022-07-18,0.01,33.82,55.95,3.51,20.47
2022-07-19,1.89,33.92,57.16,1.18,18.89
2022-07-20,16.19,31.98,67.17,1.63,10.11
2022-07-21,6.23,30.91,73.55,2.29,9.76
2022-07-22,3.96,31.02,72.28,3.39,17.36
2022-07-23,9.42,30.09,75.82,3.33,20.04
2022-07-24,1.57,31.19,66.39,4.55,18.38
2022-07-25,3.02,30.28,69.59,4.02,15.65
2022-07-26,11.96,29.37,78.11,2.2,17.94
2022-07-27,2.41,31.29,68.15,1.41,16.21
2022-07-28,10.05,30.89,68.79,0.97,20.26
2022-07-29,6.7,30.63,73.08,1.11,16.31
2022-07-30,12.09,30.45,74.67,1.07,17.25
2022-07-31,4.08,30.2,76.82,1.97,12.12
2022-08-01,8.67,30.15,76.65,1.7,13.47
2022-08-02,17.46,29.73,77.99,0.72,15.9
2022-08-03,9.87,29.32,80.76,1.07,15.39
2022-08-04,7.14,30.66,74.96,1.88,16.12
2022-08-05,0.16,31.12,72.84,1.09,22.08
2022-08-06,2.54,30.5,75.86,1.71,16.02
2022-08-07,6.89,30.59,75.32,2.84,22.4
2022-08-08,0.41,30.47,75.96,3.67,20.29
2022-08-09,0.08,30.58,71.39,5.1,18.31
2022-08-10,0.48,30.59,70.73,6.49,12.25
2022-08-11,0.83,30.23,73.31,5.56,16.12
2022-08-12,2.57,30.26,74.12,2.85,19.4
2022-08-13,1.82,32.18,66.0,1.48,21.45
2022-08-14,12.2,29.75,77.56,5.34,16.36
2022-08-15,2.17,29.45,75.29,6.64,17.42
2022-08-16,0.48,30.79,69.67,2.13,21.76
2022-08-17,0.3,31.12,67.8,2.59,19.69
2022-08-18,0.02,31.53,67.28,2.86,21.25
2022-08-19,10.01,30.46,75.35,2.24,12.22
2022-08-20,12.8,28.66,80.73,5.0,14.46
2022-08-21,0.31,29.69,74.59,4.95,17.69
2022-08-22,0.13,31.1,69.84,2.57,21.67
2022-08-23,4.18,30.82,72.79,1.5,16.37
2022-08-24,21.51,29.79,79.15,1.63,19.96
2022-08-25,1.55,30.19,74.74,1.82,20.2
2022-08-26,1.23,31.1,72.44,1.28,19.78
2022-08-27,7.94,30.68,73.94,1.24,20.19
2022-08-28,18.02,30.18,78.56,0.81,10.1
2022-08-29,0.94,29.25,80.44,0.92,18.08
2022-08-30,0.17,29.93,74.47,1.08,12.29
2022-08-31,12.84,28.38,83.26,1.65,12.75
2022-09-01,2.58,29.1,82.36,1.54,13.93
2022-09-02,4.85,29.63,79.16,1.5,15.3
2022-09-03,9.39,28.75,84.46,2.18,11.77
2022-09-04,4.43,29.65,79.55,1.89,16.11
2022-09-05,1.02,30.08,74.51,1.03,15.68
2022-09-06,3.49,30.08,75.52,0.82,10.5
2022-09-07,3.05,28.78,82.48,1.37,14.14
2022-09-08,2.08,28.5,82.1,1.73,10.08
2022-09-09,1.12,28.35,82.38,2.17,17.81
2022-09-10,1.75,28.8,82.96,2.42,17.79
2022-09-11,2.69,28.67,83.06,2.98,14.0
2022-09-12,4.17,27.76,86.44,4.51,13.28
2022-09-13,6.97,27.37,89.14,2.81,12.84
2022-09-14,12.33,27.14,89.68,1.82,9.25
2022-09-15,11.25,27.69,86.56,1.11,12.62
2022-09-16,12.35,27.54,88.5,1.41,14.05
2022-09-17,6.1,28.09,85.83,1.22,12.45
2022-09-18,1.62,27.11,86.37,1.34,14.1
2022-09-19,7.3,28.28,83.41,1.1,12.86
2022-09-20,8.29,28.35,87.32,2.52,17.73
2022-09-21,0.53,28.75,85.01,3.51,15.68
2022-09-22,0.24,28.87,83.89,1.85,18.13
2022-09-23,0.12,28.9,82.28,1.72,16.81
2022-09-24,11.61,27.3,84.56,1.84,10.72
2022-09-25,0.13,28.42,77.82,0.81,13.99
2022-09-26,3.12,28.05,82.64,0.89,12.03
2022-09-27,1.3,28.16,80.45,1.4,15.23
2022-09-28,0.36,27.79,78.15,1.31,16.58
2022-09-29,3.25,28.36,75.4,0.92,12.15
2022-09-30,2.44,28.31,75.81,1.17,15.62
2022-10-01,0.18,28.18,75.68,1.34,19.54
2022-10-02,0.02,28.33,74.45,1.49,19.91
2022-10-03,4.81,28.63,78.16,1.78,14.99
2022-10-04,14.89,26.89,88.96,2.51,5.43
2022-10-05,11.08,25.97,89.84,2.94,16.05
2022-10-06,1.25,27.29,84.56,2.27,15.42
2022-10-07,5.93,28.08,80.12,1.07,19.17
2022-10-08,4.14,28.31,76.82,0.75,17.95
2022-10-09,5.44,28.72,75.1,0.72,19.06
2022-10-10,7.7,27.81,83.41,1.08,15.26
2022-10-11,5.61,26.55,89.11,1.3,11.09
2022-10-12,3.71,26.13,85.15,0.95,12.39
2022-10-13,0.02,26.32,81.9,1.07,17.89
2022-10-14,0.03,24.88,77.68,1.54,19.28
2022-10-15,0.0,23.84,71.99,1.44,19.32
2022-10-16,0.0,24.67,71.34,1.22,18.45
2022-10-17,0.0,24.77,73.54,1.81,18.36
2022-10-18,0.0,23.74,75.79,1.21,17.64
2022-10-19,0.01,24.19,76.25,1.46,16.13
2022-10-20,0.0,24.2,77.0,1.28,14.85
2022-10-21,0.0,24.72,75.35,1.18,16.88
2022-10-22,0.0,24.94,69.51,1.07,19.43
2022-10-23,0.0,24.76,69.27,1.68,19.56
2022-10-24,0.0,25.3,71.43,1.77,18.62
2022-10-25,0.0,24.81,68.83,2.17,18.51
2022-10-26,0.0,23.27,65.01,1.47,17.62
2022-10-27,0.0,23.06,64.13,1.12,17.31
2022-10-28,0.0,23.39,61.91,0.79,16.53
2022-10-29,0.0,23.21,67.6,0.82,17.52
2022-10-30,0.0,23.5,69.39,1.28,18.27
2022-10-31,0.0,23.5,70.1,1.21,16.91
2022-11-01,0.0,23.62,70.04,1.26,17.35
2022-11-02,0.0,23.12,68.36,1.68,16.27
2022-11-03,0.0,23.08,65.27,1.71,15.1
2022-11-04,0.0,24.14,61.73,0.55,15.43
2022-11-05,0.0,23.59,60.84,1.23,17.44
2022-11-06,0.0,24.15,61.95,0.8,15.82
2022-11-07,0.0,23.52,64.69,0.96,15.59
2022-11-08,0.0,23.09,65.96,0.78,15.66
2022-11-09,0.0,22.95,68.34,0.83,14.55
2022-11-10,0.0,22.34,71.79,1.03,13.39
2022-11-11,0.0,22.57,71.77,1.42,13.94
2022-11-12,0.0,21.48,66.19,2.23,13.58
2022-11-13,0.0,19.9,59.15,1.95,14.95
2022-11-14,0.0,19.73,58.79,1.43,14.06
2022-11-15,0.0,20.0,65.95,1.5,13.84
2022-11-16,0.0,21.0,65.56,1.79,14.16
2022-11-17,0.0,20.78,68.2,2.17,13.28
2022-11-18,0.0,18.63,58.79,1.55,14.26
2022-11-19,0.0,18.15,56.65,1.55,15.52
2022-11-20,0.0,18.07,54.91,1.47,15.68
2022-11-21,0.0,18.13,60.58,1.81,13.62
2022-11-22,0.0,19.0,69.06,1.66,13.38
2022-11-23,0.0,18.47,61.72,2.07,14.12
2022-11-24,0.0,17.66,59.47,1.99,13.83
2022-11-25,0.0,17.94,61.95,1.72,14.33
2022-11-26,0.0,17.79,62.08,1.7,13.28
2022-11-27,0.0,18.62,57.36,1.13,12.84
2022-11-28,0.0,18.76,57.34,0.91,13.84
2022-11-29,0.0,18.52,63.82,1.14,14.8
2022-11-30,0.0,18.39,69.65,1.44,14.11
2022-12-01,0.0,17.62,67.07,1.71,12.22
2022-12-02,0.0,17.15,58.09,1.43,12.5
2022-12-03,0.0,16.98,60.66,1.38,12.5
2022-12-04,0.0,16.91,71.21,1.65,12.02
2022-12-05,0.0,17.04,71.66,1.56,12.86
2022-12-06,0.0,16.18,70.64,2.09,11.97
2022-12-07,0.0,15.87,66.89,1.75,12.29
2022-12-08,0.0,16.08,59.86,1.45,12.22
2022-12-09,0.0,16.41,62.04,1.02,12.83
2022-12-10,0.0,17.08,66.51,1.27,12.15
2022-12-11,0.0,16.57,70.5,1.54,12.49
2022-12-12,0.0,17.8,64.13,1.78,11.48
2022-12-13,0.0,18.42,57.15,1.82,13.13
2022-12-14,0.0,16.66,59.54,1.84,13.77
2022-12-15,0.0,15.73,60.28,2.32,14.03
2022-12-16,0.0,14.94,58.93,1.98,12.9
2022-12-17,0.0,14.88,60.24,1.42,10.28
2022-12-18,0.0,14.91,63.1,1.3,10.77
2022-12-19,0.0,15.01,65.68,1.51,11.53
2022-12-20,0.0,15.33,64.15,1.56,10.15
2022-12-21,0.0,15.34,66.31,1.6,10.53
2022-12-22,0.0,15.55,56.32,1.74,10.3
2022-12-23,0.0,17.79,50.72,1.56,12.4
2022-12-24,0.03,18.44,55.81,1.15,7.95
2022-12-25,0.08,19.83,58.44,1.26,8.3
2022-12-26,0.0,18.94,63.56,1.43,8.82
2022-12-27,0.0,16.32,46.99,2.73,9.42
2022-12-28,0.0,14.46,51.58,2.33,10.91
2022-12-29,0.0,14.06,51.55,1.45,9.85
2022-12-30,0.0,15.87,51.02,0.81,8.51
2022-12-31,0.0,16.81,53.98,1.16,9.06
2023-01-01,0.0,16.35,59.36,0.84,6.73
2023-01-02,0.0,15.05,65.37,1.24,3.6
2023-01-03,0.0,14.24,64.97,1.19,3.18
2023-01-04,0.0,13.01,63.08,1.58,2.79
2023-01-05,0.0,12.08,64.11,1.68,4.96
2023-01-06,0.0,11.97,61.06,2.25,9.21
2023-01-07,0.0,11.17,60.35,2.17,8.35
2023-01-08,0.0,11.67,54.4,1.73,8.59
2023-01-09,0.0,12.51,50.76,1.51,7.98
2023-01-10,0.0,13.33,55.24,1.71,8.49
2023-01-11,0.0,13.92,50.39,1.66,10.71
2023-01-12,0.0,15.77,49.11,1.39,8.32
2023-01-13,0.0,18.14,49.87,1.3,9.59
2023-01-14,0.0,18.61,51.98,1.83,11.74
2023-01-15,0.0,15.5,60.04,2.48,6.59
2023-01-16,0.0,12.5,42.44,1.99,14.06
2023-01-17,0.0,12.23,41.74,1.76,13.81
2023-01-18,0.0,12.9,45.13,1.63,12.45
2023-01-19,0.0,13.81,40.14,1.41,11.28
2023-01-20,0.0,16.14,36.13,0.98,12.36
2023-01-21,0.41,17.78,46.7,1.03,12.07
2023-01-22,0.01,19.44,53.8,1.0,8.68
2023-01-23,0.0,20.1,56.48,1.39,11.12
2023-01-24,0.0,21.31,54.39,0.67,11.11
2023-01-25,0.01,21.13,54.09,1.28,11.98
2023-01-26,0.02,21.63,62.8,1.85,9.77
2023-01-27,0.0,21.47,61.97,3.3,13.54
2023-01-28,0.0,18.74,45.15,2.62,14.06
2023-01-29,0.0,18.75,38.04,0.87,13.83
2023-01-30,0.0,19.77,35.6,1.37,15.45
2023-01-31,0.0,20.42,47.12,3.33,15.08
2023-02-01,0.0,18.89,50.83,3.55,15.48
2023-02-02,0.0,16.97,42.82,2.31,13.68
2023-02-03,0.0,16.53,44.13,1.97,15.5
2023-02-04,0.0,17.56,43.57,2.42,13.89
2023-02-05,0.0,18.69,41.9,2.14,15.0
2023-02-06,0.0,19.15,43.99,2.07,16.13
2023-02-07,0.0,20.62,40.32,2.31,16.63
2023-02-08,0.0,20.02,45.07,2.2,14.19
2023-02-09,0.0,18.86,35.45,1.53,15.66
2023-02-10,0.0,20.42,30.75,1.88,16.95
2023-02-11,0.0,22.12,32.19,1.96,17.86
2023-02-12,0.0,21.08,32.8,4.08,19.15
2023-02-13,0.0,18.16,25.62,3.55,19.9
2023-02-14,0.0,17.62,28.42,1.64,18.62
2023-02-15,0.0,18.6,29.45,0.78,16.71
2023-02-16,0.0,21.14,29.39,1.08,16.17
2023-02-17,0.0,22.41,33.46,0.95,15.27
2023-02-18,0.0,23.33,35.58,0.52,14.91
2023-02-19,0.0,23.39,37.63,1.06,14.48
2023-02-20,0.0,23.04,41.53,1.49,13.42
2023-02-21,0.0,25.1,33.67,1.16,15.09
2023-02-22,0.0,25.24,29.01,2.2,18.44
2023-02-23,0.0,24.23,28.23,2.44,19.91
2023-02-24,0.0,23.49,27.79,2.04,19.96
2023-02-25,0.0,23.23,22.77,1.28,19.48
2023-02-26,0.0,23.28,23.0,1.16,19.19
2023-02-27,0.0,23.85,26.54,1.43,18.92
2023-02-28,0.0,24.74,27.76,1.65,18.43
2023-03-01,0.0,25.12,28.94,1.46,18.44
2023-03-02,0.0,26.02,26.85,2.03,19.9
2023-03-03,0.0,26.12,29.23,2.66,20.4
2023-03-04,0.0,26.15,31.93,2.57,20.59
2023-03-05,0.0,26.02,30.47,2.73,19.88
2023-03-06,0.0,25.82,28.68,2.86,22.14
2023-03-07,0.0,25.93,28.04,2.38,21.76
2023-03-08,0.04,25.63,32.04,1.59,9.1
2023-03-09,0.16,25.38,35.91,1.98,20.35
2023-03-10,0.0,25.72,30.77,2.01,16.63
2023-03-11,0.0,26.32,29.98,1.55,18.6
2023-03-12,0.0,26.73,29.62,1.36,19.34
2023-03-13,0.0,27.11,32.72,1.45,19.19
2023-03-14,0.0,26.77,32.65,1.38,17.16
2023-03-15,0.0,27.8,27.72,1.62,19.87
2023-03-16,1.76,25.7,44.31,2.34,14.73
2023-03-17,1.91,25.45,52.59,1.22,8.36
2023-03-18,5.88,26.21,46.66,0.76,13.92
2023-03-19,0.49,23.49,61.89,1.54,11.07
2023-03-20,3.81,21.05,78.11,1.05,6.34
2023-03-21,3.31,22.33,69.09,1.11,12.81
2023-03-22,0.03,24.08,51.44,2.28,21.06
2023-03-23,0.0,24.55,45.42,2.66,23.34
2023-03-24,0.0,26.98,40.71,1.72,21.47
2023-03-25,0.0,29.02,37.14,1.13,19.89
2023-03-26,0.21,28.76,38.47,2.16,20.52
2023-03-27,0.28,27.76,38.56,2.79,23.69
2023-03-28,0.0,27.85,33.26,2.54,22.72
2023-03-29,0.0,28.36,29.24,1.74,23.51
2023-03-30,0.0,29.14,27.63,1.73,21.76
2023-03-31,0.05,26.96,36.15,1.83,7.15
2023-04-01,3.82,26.15,53.33,1.06,19.57
2023-04-02,0.0,26.61,42.23,2.71,21.3
2023-04-03,0.0,27.84,35.39,3.24,24.15
2023-04-04,0.0,29.52,31.09,2.12,22.17
2023-04-05,0.0,29.51,28.2,3.66,26.09
2023-04-06,0.0,28.95,24.5,3.09,26.43
2023-04-07,0.0,29.42,22.68,2.65,25.89
2023-04-08,0.0,29.56,21.9,2.54,23.8
2023-04-09,0.0,30.85,26.33,2.95,23.86
2023-04-10,0.0,30.66,20.61,3.2,24.44
2023-04-11,0.0,30.28,17.63,2.91,26.81
2023-04-12,0.0,31.25,17.86,2.88,26.2
2023-04-13,0.0,32.46,24.42,3.32,25.16
2023-04-14,0.0,33.58,22.53,2.2,24.04
2023-04-15,0.0,33.91,19.91,1.87,23.84
2023-04-16,0.0,33.8,22.11,2.58,22.56
2023-04-17,0.0,34.84,17.53,2.75,24.61
2023-04-18,0.0,34.83,16.08,2.74,24.71
2023-04-19,0.0,35.21,17.81,3.71,25.15
2023-04-20,0.02,36.14,19.49,4.0,25.39
2023-04-21,0.05,34.7,22.55,3.73,15.44
2023-04-22,2.7,31.69,25.83,2.43,22.58
2023-04-23,0.02,31.52,28.59,2.0,18.45
2023-04-24,7.64,29.37,43.1,2.47,20.59
2023-04-25,0.17,30.11,39.93,1.19,22.85
2023-04-26,0.0,31.08,33.99,1.36,22.07
2023-04-27,0.45,30.5,38.96,1.9,9.73
2023-04-28,0.0,31.33,36.85,2.24,18.71
2023-04-29,0.0,31.19,34.47,2.48,12.98
2023-04-30,6.1,28.97,49.51,2.35,10.49
2023-05-01,2.89,27.3,59.67,1.38,11.44
2023-05-02,1.76,28.45,53.19,1.25,21.9
2023-05-03,0.36,30.57,46.07,1.02,14.28
2023-05-04,0.03,30.63,44.81,1.14,18.26
2023-05-05,0.0,30.32,39.54,2.43,24.26
2023-05-06,0.0,31.13,32.07,2.96,27.15
2023-05-07,0.0,32.82,30.24,3.63,25.42
2023-05-08,0.0,33.44,25.12,3.39,26.75
2023-05-09,0.0,34.14,23.86,2.5,27.39
2023-05-10,0.0,33.52,16.64,3.35,28.73
2023-05-11,0.0,32.41,14.88,1.85,27.89
2023-05-12,0.0,32.6,15.43,0.93,24.44
2023-05-13,0.0,33.79,30.44,2.12,23.82
2023-05-14,0.0,35.67,24.86,1.58,25.68
2023-05-15,1.85,35.08,24.83,2.21,22.45
2023-05-16,0.0,35.39,26.01,2.26,23.77
2023-05-17,0.0,34.68,29.94,1.6,22.96
2023-05-18,1.9,34.67,39.81,2.5,22.94
2023-05-19,0.0,35.71,26.37,2.56,24.41
2023-05-20,0.0,35.42,20.12,2.46,25.86
2023-05-21,0.0,35.68,22.68,2.0,23.99
2023-05-22,0.01,35.59,32.07,2.43,24.11
2023-05-23,3.49,34.74,37.47,2.22,11.52
2023-05-24,0.4,34.13,40.81,2.36,22.2
2023-05-25,0.0,35.68,34.42,1.64,19.43
2023-05-26,3.2,34.16,35.33,2.15,21.86
2023-05-27,6.77,32.2,46.21,1.74,24.43
2023-05-28,0.0,32.74,39.31,1.19,25.74
2023-05-29,0.0,34.79,35.47,1.33,24.76
2023-05-30,0.0,36.32,31.98,1.88,26.59
2023-05-31,0.0,37.1,27.2,3.31,25.12
2023-06-01,0.0,36.14,24.41,4.66,26.98
2023-06-02,0.0,36.68,24.22,4.92,27.19
2023-06-03,0.0,36.56,22.71,3.41,26.87
2023-06-04,0.0,36.99,24.01,2.49,26.93
2023-06-05,0.0,37.0,21.74,2.35,20.11
2023-06-06,0.0,37.83,22.67,2.06,22.81
2023-06-07,0.0,37.84,22.59,2.53,24.26
2023-06-08,0.0,37.99,18.1,3.3,25.05
2023-06-09,0.0,37.85,16.61,2.18,25.58
2023-06-10,0.0,38.33,23.86,1.66,24.52
2023-06-11,0.0,38.7,26.0,2.53,22.24
2023-06-12,2.36,38.56,28.4,2.25,22.96
2023-06-13,0.12,39.67,28.9,2.74,22.37
2023-06-14,0.0,40.99,22.95,4.97,21.21
2023-06-15,0.0,40.74,24.19,6.53,24.05
2023-06-16,0.0,40.12,26.7,6.26,26.63
2023-06-17,0.0,40.28,24.07,4.04,24.86
2023-06-18,0.09,40.47,25.28,2.84,22.01
2023-06-19,0.15,40.3,28.95,2.42,23.24
2023-06-20,1.47,38.94,32.73,1.89,21.78
2023-06-21,1.97,39.01,35.7,1.74,16.93
2023-06-22,2.14,37.35,44.3,1.6,20.29
2023-06-23,0.98,35.79,49.09,3.05,18.09
2023-06-24,0.09,34.58,51.33,3.38,18.52
2023-06-25,0.1,35.89,47.17,5.05,22.4
2023-06-26,1.0,34.8,51.29,6.31,19.15
2023-06-27,2.33,32.9,57.18,6.53,16.99
2023-06-28,5.38,31.32,64.98,6.17,13.4
2023-06-29,20.86,30.06,75.34,3.55,6.07
2023-06-30,51.26,29.43,80.82,1.78,6.19
2023-07-01,27.74,30.64,74.52,2.04,14.15
2023-07-02,15.94,31.11,75.76,1.36,12.73
2023-07-03,1.77,32.02,67.59,1.96,10.23
2023-07-04,19.69,30.91,75.25,2.55,14.96
2023-07-05,18.64,29.98,80.35,3.09,17.56
2023-07-06,1.23,30.65,77.51,3.4,20.94
2023-07-07,6.75,30.44,76.79,5.1,18.22
2023-07-08,8.03,31.06,75.87,3.18,18.6
2023-07-09,1.52,31.76,70.34,2.23,20.18
2023-07-10,0.6,33.03,67.2,1.57,18.43
2023-07-11,2.23,31.69,72.11,1.84,14.29
2023-07-12,3.38,31.23,73.45,2.12,15.56
2023-07-13,1.23,30.83,72.55,1.59,11.77
2023-07-14,13.57,30.09,79.13,1.07,8.93
2023-07-15,11.82,30.96,76.95,1.53,18.44
2023-07-16,4.76,30.86,80.03,3.44,17.9
2023-07-17,1.46,30.05,80.48,3.87,17.32
2023-07-18,0.78,30.13,80.07,4.23,21.45
2023-07-19,0.0,30.95,76.99,3.95,25.62
2023-07-20,0.0,32.07,72.87,3.75,23.23
2023-07-21,0.5,31.64,73.26,4.07,20.67
2023-07-22,0.62,30.42,77.48,4.34,19.5
2023-07-23,0.28,31.55,71.69,3.98,23.49
2023-07-24,0.07,31.99,66.66,3.17,21.52
2023-07-25,0.03,32.24,65.94,2.66,20.12
2023-07-26,0.01,32.32,66.69,3.34,22.55
2023-07-27,0.38,32.03,67.83,3.83,20.29
2023-07-28,0.64,32.85,66.53,2.98,21.11
2023-07-29,0.58,32.78,66.81,1.85,17.2
2023-07-30,6.77,31.39,73.97,1.18,11.09
2023-07-31,8.63,32.83,67.69,1.41,20.53
2023-08-01,10.71,32.09,72.62,1.24,15.8
2023-08-02,11.08,30.69,80.98,4.29,14.04
2023-08-03,1.17,30.78,75.81,6.64,13.23
2023-08-04,1.13,30.67,73.88,4.34,16.44
2023-08-05,2.15,29.15,79.05,2.35,12.32
2023-08-06,10.41,30.35,77.69,2.48,11.68
2023-08-07,29.85,29.03,83.04,3.11,5.22
2023-08-08,4.91,28.63,84.41,2.88,5.33
2023-08-09,48.91,28.18,89.14,3.09,6.06
2023-08-10,0.97,28.99,82.82,2.33,12.24
2023-08-11,11.79,28.79,86.4,2.5,11.73
2023-08-12,6.88,29.55,79.94,3.55,9.66
2023-08-13,1.06,29.44,80.08,2.26,11.06
2023-08-14,3.54,29.92,77.78,1.0,16.48
2023-08-15,0.7,29.87,78.99,1.94,19.4
2023-08-16,10.32,29.98,78.59,2.16,19.76
2023-08-17,6.64,30.62,77.56,1.35,18.54
2023-08-18,8.11,30.5,79.61,2.07,19.44
2023-08-19,3.64,30.11,81.87,3.7,22.68
2023-08-20,0.1,29.41,82.95,2.94,20.88
2023-08-21,7.82,29.57,83.45,1.66,15.36
2023-08-22,23.83,29.42,87.04,1.3,9.18
2023-08-23,6.77,29.54,84.48,0.85,9.43
2023-08-24,13.5,28.57,87.87,2.12,8.39
2023-08-25,12.38,28.56,83.85,2.52,9.32
2023-08-26,23.6,28.37,84.24,3.23,13.09
2023-08-27,0.14,29.27,79.66,3.86,17.3
2023-08-28,0.02,29.13,77.28,3.0,18.71
2023-08-29,0.03,29.14,79.26,1.88,19.88
2023-08-30,0.03,29.32,79.1,1.49,20.01
2023-08-31,0.0,29.94,77.0,1.1,20.25
2023-09-01,0.01,29.96,78.75,1.32,18.68
2023-09-02,3.43,30.67,76.61,1.33,14.62
2023-09-03,21.27,30.55,79.2,0.68,19.22
2023-09-04,11.01,28.48,88.22,1.16,13.09
2023-09-05,5.64,27.86,87.28,1.98,14.74
2023-09-06,2.42,28.51,85.92,1.5,17.21
2023-09-07,4.41,28.02,90.39,2.76,19.66
2023-09-08,8.55,27.81,91.74,3.82,10.68
2023-09-09,14.9,28.09,86.91,3.16,14.23
2023-09-10,4.67,28.87,85.96,1.55,18.25
2023-09-11,0.21,29.9,82.18,1.8,19.43
2023-09-12,2.67,29.4,85.36,1.6,18.71
2023-09-13,0.73,29.26,84.94,1.98,19.96
2023-09-14,0.07,29.2,85.34,2.64,21.43
2023-09-15,0.13,28.65,86.07,3.78,17.07
2023-09-16,1.31,28.7,85.4,2.27,17.34
2023-09-17,1.42,29.89,80.55,1.07,20.46
2023-09-18,0.98,30.22,78.87,0.74,19.99
2023-09-19,0.45,29.18,82.64,2.0,19.22
2023-09-20,2.39,28.51,84.71,2.42,16.72
2023-09-21,6.38,27.58,89.23,3.36,11.34
2023-09-22,17.24,26.8,94.1,3.44,6.66
2023-09-23,44.1,26.71,94.68,3.8,4.66
2023-09-24,5.03,27.7,88.11,3.03,7.32
2023-09-25,0.15,27.81,87.03,1.82,9.12
2023-09-26,0.08,27.97,85.04,1.5,14.66
2023-09-27,0.12,28.81,81.61,0.71,16.08
2023-09-28,0.02,29.67,76.64,0.51,16.2
2023-09-29,2.41,29.22,81.68,0.93,18.7
2023-09-30,8.96,27.96,89.06,1.48,10.47
2023-10-01,11.51,27.11,90.11,2.84,10.51
2023-10-02,17.09,27.73,90.25,3.02,15.77
2023-10-03,12.88,27.96,89.2,2.83,14.27
2023-10-04,21.7,27.08,92.37,3.38,7.37
2023-10-05,1.8,27.15,88.13,2.82,7.14
2023-10-06,2.98,27.63,82.75,1.04,18.42
2023-10-07,2.16,27.9,85.51,1.12,18.65
2023-10-08,0.07,26.76,80.01,1.66,17.14
2023-10-09,0.07,27.15,82.52,1.89,17.05
2023-10-10,0.03,27.67,82.22,1.98,17.0
2023-10-11,0.08,27.27,80.88,1.75,17.52
2023-10-12,0.01,26.91,71.18,1.35,18.43
2023-10-13,0.0,26.59,66.68,1.17,18.68
2023-10-14,0.0,26.08,65.74,1.13,18.46
2023-10-15,0.0,26.24,70.15,1.13,17.43
2023-10-16,1.47,26.87,73.97,1.03,12.93
2023-10-17,1.25,26.06,76.79,1.11,16.73
2023-10-18,0.0,25.31,74.72,1.39,17.92
2023-10-19,0.0,24.92,69.79,1.37,18.76
2023-10-20,0.0,25.2,63.05,0.71,18.62
2023-10-21,0.0,24.7,58.22,0.69,19.31
2023-10-22,0.0,24.25,58.44,0.81,19.41
2023-10-23,0.0,24.02,66.45,1.03,18.87
2023-10-24,0.0,25.43,66.25,0.69,18.59
2023-10-25,0.0,25.06,69.07,1.38,18.03
2023-10-26,0.0,24.28,65.11,1.6,17.49
2023-10-27,0.0,23.91,60.45,1.41,16.56
2023-10-28,0.0,24.32,60.37,0.82,15.78
2023-10-29,0.0,24.04,61.14,1.05,17.22
2023-10-30,0.0,24.79,63.45,0.64,17.56
2023-10-31,0.0,24.83,70.31,1.32,17.51
2023-11-01,0.0,24.45,76.35,0.9,15.01
2023-11-02,0.0,24.54,71.88,0.73,15.97
2023-11-03,0.0,25.39,64.92,1.03,13.14
2023-11-04,0.0,24.91,59.76,1.23,13.14
2023-11-05,0.0,24.69,52.84,1.03,12.15
2023-11-06,0.0,24.08,50.15,0.66,13.49
2023-11-07,0.0,23.0,50.52,0.72,11.93
2023-11-08,0.0,22.11,56.04,1.45,13.33
2023-11-09,0.0,21.54,59.84,1.23,13.58
2023-11-10,0.0,23.55,58.35,0.94,12.26
2023-11-11,0.0,23.98,58.89,1.05,12.66
2023-11-12,0.0,23.22,65.81,1.22,11.99
2023-11-13,0.0,23.09,56.85,1.03,14.77
2023-11-14,0.0,22.87,56.69,0.82,15.7
2023-11-15,0.0,22.94,59.25,1.05,15.91
2023-11-16,0.0,22.09,66.86,1.45,16.18
2023-11-17,0.0,23.69,71.22,1.0,15.64
2023-11-18,0.0,24.54,69.69,1.06,15.92
2023-11-19,0.0,23.93,70.13,0.98,14.58
2023-11-20,0.0,23.23,64.26,1.28,14.68
2023-11-21,0.0,21.24,60.74,2.07,11.72
2023-11-22,0.0,20.2,61.2,1.91,11.48
2023-11-23,0.0,19.87,57.16,1.34,11.65
2023-11-24,0.0,20.34,51.05,1.01,13.15
2023-11-25,0.0,20.16,49.71,1.02,13.11
2023-11-26,0.0,20.78,52.39,1.09,15.06
2023-11-27,0.0,20.21,67.68,1.29,13.62
2023-11-28,0.01,21.44,66.66,0.89,10.72
2023-11-29,0.09,22.48,57.11,1.21,12.96
2023-11-30,0.28,22.26,63.13,1.14,9.13
2023-12-01,0.98,22.88,69.58,0.86,7.19
2023-12-02,0.01,23.46,64.05,1.33,11.55
2023-12-03,0.0,23.39,61.35,1.28,12.77
2023-12-04,0.0,23.48,57.37,0.9,12.52
2023-12-05,0.02,23.69,58.16,0.98,7.81
2023-12-06,0.44,22.21,70.51,0.98,7.44
2023-12-07,8.49,20.38,86.99,0.91,3.14
2023-12-08,0.08,20.34,73.52,1.85,10.72
2023-12-09,0.0,19.14,62.69,2.23,11.16
2023-12-10,0.0,17.24,54.86,2.32,11.63
2023-12-11,0.0,17.07,50.23,1.49,11.1
2023-12-12,0.0,16.61,50.83,1.43,12.36
2023-12-13,0.0,15.94,53.24,1.91,11.94
2023-12-14,0.0,16.15,54.58,2.03,10.32
2023-12-15,0.0,16.04,49.87,1.62,10.59
2023-12-16,0.0,15.7,51.25,1.75,11.63
2023-12-17,0.0,15.33,51.32,1.61,11.78
2023-12-18,0.0,14.86,54.05,1.91,11.84
2023-12-19,0.0,15.27,53.36,1.8,11.11
2023-12-20,0.0,14.82,53.93,1.43,11.53
2023-12-21,0.0,15.85,52.61,1.37,11.51
2023-12-22,0.0,15.86,52.93,1.18,13.01
2023-12-23,0.0,17.95,61.22,1.11,12.86
2023-12-24,0.0,18.76,64.8,0.72,14.13
2023-12-25,0.0,18.47,67.24,1.27,14.04
2023-12-26,0.0,18.56,63.98,1.07,12.37
2023-12-27,0.0,18.49,63.14,0.8,12.37
2023-12-28,0.0,17.42,62.14,1.02,12.04
2023-12-29,0.0,15.86,63.0,1.34,7.91
2023-12-30,0.0,15.32,60.62,1.45,3.26
2023-12-31,0.0,14.61,54.1,1.36,3.34
2024-01-01,0.0,15.19,49.75,1.44,6.39
2024-01-02,0.0,16.45,60.8,1.29,10.51
2024-01-03,0.0,17.65,64.87,0.67,10.01
2024-01-04,0.01,17.94,67.9,1.16,10.4
2024-01-05,0.01,18.46,71.86,0.89,7.98
2024-01-06,0.69,18.26,77.59,0.91,5.31
2024-01-07,0.0,18.43,72.18,1.58,3.63
2024-01-08,0.0,17.11,61.93,1.86,6.31
2024-01-09,0.0,16.8,54.36,1.75,11.42
2024-01-10,0.0,17.71,61.05,2.57,10.43
2024-01-11,0.0,14.59,52.51,1.91,7.04
2024-01-12,0.0,13.69,48.21,1.59,8.41
2024-01-13,0.0,13.85,46.97,1.54,5.48
2024-01-14,0.0,14.48,46.37,0.99,7.57
2024-01-15,0.0,14.22,49.05,1.12,6.98
2024-01-16,0.0,14.33,43.97,1.1,3.83
2024-01-17,0.0,14.4,56.14,1.19,4.71
2024-01-18,0.0,15.21,68.7,1.2,1.19
2024-01-19,0.0,14.45,52.97,0.76,7.07
2024-01-20,0.0,13.27,48.34,1.45,10.33
2024-01-21,0.0,12.82,51.86,2.01,2.39
2024-01-22,0.0,13.25,48.47,1.36,9.85
2024-01-23,0.0,13.64,46.17,1.85,4.76
2024-01-24,0.0,13.28,44.13,1.55,7.09
2024-01-25,0.0,13.32,45.63,1.52,9.1
2024-01-26,0.0,13.77,45.51,1.7,9.09
2024-01-27,0.0,14.12,44.92,1.78,10.56
2024-01-28,0.0,14.92,46.08,1.17,10.42
2024-01-29,0.0,16.29,45.14,1.23,12.21
2024-01-30,0.0,16.87,42.85,1.17,11.8
2024-01-31,0.0,17.98,42.42,1.08,10.57
2024-02-01,0.01,18.47,45.5,1.21,10.32
2024-02-02,0.0,18.66,43.38,2.49,12.86
2024-02-03,0.0,17.61,41.68,3.41,17.64
2024-02-04,0.14,18.05,46.15,2.29,16.17
2024-02-05,1.55,17.48,73.78,1.3,7.02
2024-02-06,0.64,18.93,64.3,2.03,6.3
2024-02-07,0.0,17.04,36.64,3.17,17.85
2024-02-08,0.0,15.88,36.65,3.54,16.35
2024-02-09,0.0,15.55,36.83,1.44,17.58
2024-02-10,0.0,15.8,32.52,1.47,17.26
2024-02-11,0.0,16.75,33.88,1.64,17.85
2024-02-12,0.0,19.08,34.09,1.48,15.42
2024-02-13,1.39,20.03,45.46,0.91,8.1
2024-02-14,7.44,18.65,76.34,1.43,5.32
2024-02-15,0.44,19.78,60.83,1.19,9.99
2024-02-16,0.0,19.41,48.02,1.52,14.24
2024-02-17,0.0,18.62,41.84,2.26,15.52
2024-02-18,0.0,18.95,35.96,1.54,16.95
2024-02-19,0.0,21.97,32.14,0.93,17.08
2024-02-20,0.0,24.28,36.01,1.57,16.31
2024-02-21,0.64,22.71,51.42,1.76,16.34
2024-02-22,4.71,21.86,59.28,1.49,12.35
2024-02-23,0.0,19.94,36.01,2.03,14.16
2024-02-24,0.0,19.74,32.39,1.63,12.13
2024-02-25,0.06,21.46,32.91,1.39,15.95
2024-02-26,0.0,19.99,38.46,1.44,14.2
2024-02-27,0.25,22.07,35.56,2.21,15.61
2024-02-28,0.03,21.6,45.66,2.95,19.36
2024-02-29,0.0,21.38,40.5,2.69,21.0
2024-03-01,0.0,22.42,37.11,1.77,20.74
2024-03-02,0.0,24.16,31.18,1.09,18.27
2024-03-03,3.99,23.69,43.07,1.14,6.62
2024-03-04,0.64,24.1,54.26,1.43,19.54
2024-03-05,0.0,21.47,36.86,3.39,22.35
2024-03-06,0.0,20.73,29.5,3.03,22.95
2024-03-07,0.0,21.57,30.33,2.67,22.2
2024-03-08,0.0,22.05,31.37,3.21,23.39
2024-03-09,0.0,22.1,33.58,3.2,23.23
2024-03-10,0.0,21.97,32.24,1.74,22.2
2024-03-11,0.0,24.2,29.28,1.72,21.12
2024-03-12,0.0,25.48,29.59,3.32,22.01
2024-03-13,0.0,26.09,33.11,2.38,21.1
2024-03-14,0.0,26.34,28.77,2.21,22.46
2024-03-15,0.0,26.18,29.9,1.97,22.16
2024-03-16,0.0,25.77,28.74,1.67,18.21
2024-03-17,0.0,25.99,25.36,1.88,21.09
2024-03-18,0.02,26.5,23.79,1.57,16.77
2024-03-19,1.96,26.25,30.91,1.51,12.06
2024-03-20,7.26,21.95,63.48,2.18,2.58
2024-03-21,9.24,21.61,70.9,1.56,15.42
2024-03-22,0.0,24.85,48.01,1.0,19.83
2024-03-23,0.0,26.67,38.89,2.08,20.5
2024-03-24,0.0,27.29,31.04,1.63,18.04
2024-03-25,0.0,27.18,34.2,1.61,14.84
2024-03-26,0.0,27.37,38.94,1.93,19.69
2024-03-27,0.0,28.22,30.19,1.32,21.02
2024-03-28,0.0,28.2,36.16,1.55,19.9
2024-03-29,0.0,29.7,41.07,1.99,17.63
2024-03-30,0.0,31.15,34.39,1.73,17.27
2024-03-31,0.04,32.17,29.75,3.72,21.43
2024-04-01,0.03,30.73,20.31,4.83,25.65
2024-04-02,0.0,30.55,22.16,4.13,25.27
2024-04-03,0.0,31.1,18.89,3.3,25.27
2024-04-04,0.0,32.16,19.91,2.56,22.13
2024-04-05,0.0,32.37,18.57,3.24,23.56
2024-04-06,0.0,33.55,19.74,2.64,17.68
2024-04-07,0.0,32.85,17.71,3.42,16.05
2024-04-08,0.0,31.78,24.39,2.68,21.27
2024-04-09,0.01,30.88,17.62,2.35,23.81
2024-04-10,0.0,30.76,21.48,2.51,19.76
2024-04-11,0.0,31.86,25.9,1.85,19.84
2024-04-12,0.0,32.17,27.94,2.03,18.59
2024-04-13,0.0,32.65,24.27,1.56,21.37
2024-04-14,0.03,34.13,24.46,1.22,17.36
2024-04-15,0.0,34.3,26.63,1.94,20.47
2024-04-16,0.0,35.02,24.58,3.57,23.91
2024-04-17,0.14,33.69,21.74,3.85,25.88
2024-04-18,0.0,33.65,16.42,3.7,26.04
2024-04-19,0.0,35.07,19.66,4.41,24.06
2024-04-20,0.0,36.17,17.46,5.22,25.67
2024-04-21,0.0,35.18,16.27,4.1,24.08
2024-04-22,0.0,33.26,22.68,4.31,14.33
2024-04-23,0.0,33.81,27.47,3.93,25.72
2024-04-24,1.18,33.76,20.26,3.55,25.63
2024-04-25,0.0,34.35,16.91,4.04,25.87
2024-04-26,0.0,34.9,15.98,3.65,25.18
2024-04-27,0.0,35.96,20.88,4.26,23.14
2024-04-28,0.0,36.36,20.53,4.28,23.59
2024-04-29,0.0,35.68,16.15,3.65,25.78
2024-04-30,0.0,37.03,15.93,5.14,26.28
2024-05-01,0.0,34.67,10.8,3.79,27.38
2024-05-02,0.0,32.33,10.34,4.13,26.53
2024-05-03,0.0,32.14,11.04,2.88,27.27
2024-05-04,0.0,33.71,10.12,2.1,21.45
2024-05-05,0.0,34.82,12.08,2.25,23.33
2024-05-06,0.0,33.77,27.49,2.98,20.73
2024-05-07,4.26,34.12,41.13,4.04,20.47
2024-05-08,4.41,30.76,52.14,4.56,21.51
2024-05-09,8.34,29.05,60.6,3.68,7.85
2024-05-10,0.09,30.88,53.34,2.91,20.79
2024-05-11,3.23,32.96,48.99,1.91,20.09
2024-05-12,4.56,33.14,47.55,1.28,20.4
2024-05-13,0.05,33.53,41.8,1.19,19.0
2024-05-14,0.0,34.66,35.78,1.19,23.07
2024-05-15,0.0,34.72,30.35,1.32,21.98
2024-05-16,0.02,34.63,26.79,1.77,19.19
2024-05-17,0.0,36.32,25.45,2.89,16.92
2024-05-18,0.0,36.33,27.61,3.93,20.15
2024-05-19,0.02,36.66,29.23,1.9,22.29
2024-05-20,0.36,34.69,39.03,3.07,17.55
2024-05-21,1.37,33.83,48.04,2.98,17.57
2024-05-22,9.87,32.27,56.47,4.21,17.63
2024-05-23,5.54,32.55,55.02,3.83,17.32
2024-05-24,0.0,34.89,43.85,2.23,24.51
2024-05-25,0.0,36.6,37.72,1.56,25.28
2024-05-26,0.0,36.74,41.31,3.69,25.59
2024-05-27,0.01,36.02,44.41,2.95,25.3
2024-05-28,0.0,38.09,32.09,2.9,25.03
2024-05-29,0.0,38.99,20.71,1.51,24.15
2024-05-30,0.0,38.97,23.56,2.04,20.02
2024-05-31,2.48,37.09,43.62,3.48,19.54
2024-06-01,0.01,36.79,41.16,2.95,18.0
2024-06-02,2.0,37.09,34.16,1.17,21.16
2024-06-03,0.09,36.81,28.39,2.0,21.37
2024-06-04,0.0,37.07,27.44,2.31,22.54
2024-06-05,0.07,36.58,39.84,3.12,22.1
2024-06-06,1.61,36.34,39.56,2.36,20.2
2024-06-07,0.02,37.54,26.88,1.83,23.95
2024-06-08,0.0,39.27,22.67,2.34,23.08
2024-06-09,0.0,39.54,24.34,2.35,23.73
2024-06-10,0.0,39.38,22.87,1.92,22.67
2024-06-11,0.0,38.89,20.97,1.47,22.31
2024-06-12,0.0,38.62,36.51,2.37,21.9
2024-06-13,0.0,39.11,31.43,1.94,21.66
2024-06-14,0.0,39.9,26.6,2.35,19.88
2024-06-15,0.0,39.78,32.46,2.76,20.32
2024-06-16,0.0,39.42,36.74,2.39,20.14
2024-06-17,0.0,40.4,29.39,2.58,21.61
2024-06-18,0.01,41.48,27.82,4.17,16.93
2024-06-19,0.73,41.05,30.77,4.65,18.76
2024-06-20,4.62,36.17,41.67,3.03,18.02
2024-06-21,0.07,36.94,40.67,1.05,19.04
2024-06-22,0.0,37.68,37.88,3.07,20.41
2024-06-23,0.0,37.46,40.23,3.56,21.22
2024-06-24,0.06,38.73,35.84,2.31,21.74
2024-06-25,2.96,38.34,40.16,2.29,12.54
2024-06-26,1.86,32.91,60.4,3.4,13.03
2024-06-27,11.49,32.57,66.05,2.7,18.62
2024-06-28,2.33,34.63,54.58,2.56,18.68
2024-06-29,15.25,33.82,61.08,2.65,17.22
2024-06-30,15.17,32.31,68.83,1.71,12.96
2024-07-01,5.57,31.85,65.25,3.67,15.81
2024-07-02,27.6,30.52,77.46,3.41,5.68
2024-07-03,16.52,30.47,80.23,1.82,6.88
2024-07-04,10.11,30.26,79.88,2.4,14.85
2024-07-05,14.58,30.11,79.23,1.39,6.54
2024-07-06,27.02,29.56,81.81,1.84,13.19
2024-07-07,5.79,30.39,77.36,1.68,11.77
2024-07-08,0.57,32.32,69.13,1.55,20.08
2024-07-09,1.17,33.53,63.64,1.79,17.97
2024-07-10,2.32,31.44,74.97,1.07,12.12
2024-07-11,13.23,31.07,78.14,1.73,10.02
2024-07-12,26.12,30.51,81.01,1.14,14.43
2024-07-13,2.46,31.09,76.98,1.5,15.57
2024-07-14,1.31,32.07,72.15,1.89,18.03
2024-07-15,0.58,32.01,72.16,3.69,22.46
2024-07-16,0.04,31.7,74.38,3.74,17.81
2024-07-17,0.07,31.83,74.73,2.18,21.65
2024-07-18,0.11,32.96,68.23,2.37,20.89
2024-07-19,1.38,33.3,67.35,2.5,20.9
2024-07-20,0.79,32.8,69.44,4.07,20.73
2024-07-21,0.25,31.49,73.64,4.48,16.55
2024-07-22,1.07,31.99,73.4,4.14,19.39
2024-07-23,1.21,32.14,71.76,4.27,15.52
2024-07-24,0.77,32.65,68.96,3.09,17.51
2024-07-25,6.0,31.37,78.15,2.64,17.11
2024-07-26,1.6,33.82,67.78,2.56,21.2
2024-07-27,3.53,33.05,71.35,3.8,20.38
2024-07-28,1.3,32.39,70.18,4.29,18.03
2024-07-29,0.06,33.04,68.13,2.97,22.23
2024-07-30,0.03,32.97,67.97,2.08,18.71
2024-07-31,14.51,31.93,76.0,1.29,17.37
2024-08-01,21.46,31.13,79.75,2.1,17.71
2024-08-02,12.4,29.7,80.55,6.4,10.41
2024-08-03,8.52,28.75,85.76,6.43,10.26
2024-08-04,2.27,30.54,76.01,2.96,16.64
2024-08-05,11.16,30.41,78.94,1.65,12.87
2024-08-06,20.87,29.08,85.05,1.18,6.59
2024-08-07,10.22,29.18,85.51,1.71,15.56
2024-08-08,6.26,29.87,83.41,1.91,16.75
2024-08-09,6.65,29.7,81.4,2.48,14.24
2024-08-10,31.92,29.25,86.34,1.99,13.18
2024-08-11,29.47,28.05,90.84,1.78,14.68
2024-08-12,4.8,29.82,78.73,0.67,16.67
2024-08-13,2.6,29.32,84.95,0.86,13.8
2024-08-14,9.38,29.11,87.9,1.24,12.95
2024-08-15,4.57,29.75,84.84,1.2,17.0
2024-08-16,2.79,30.32,82.27,1.39,19.94
2024-08-17,8.81,30.79,77.8,0.67,23.46
2024-08-18,2.52,30.72,79.19,0.48,21.93
2024-08-19,3.0,30.12,82.74,1.25,22.05
2024-08-20,1.8,29.62,81.51,1.87,20.53
2024-08-21,0.08,30.06,79.77,0.81,18.49
2024-08-22,7.74,29.45,84.63,0.99,17.19
2024-08-23,14.16,27.98,90.06,2.66,11.63
2024-08-24,7.09,28.14,86.73,3.62,20.22
2024-08-25,0.14,27.73,87.39,2.57,22.13
2024-08-26,0.84,28.03,84.43,3.79,20.34
2024-08-27,2.61,27.71,88.23,4.29,12.01
2024-08-28,2.75,29.17,84.17,1.59,19.45
2024-08-29,1.76,29.23,83.09,1.11,19.49
2024-08-30,0.5,30.53,77.28,0.84,21.17
2024-08-31,1.09,30.48,80.24,1.58,18.52
2024-09-01,4.24,28.65,87.55,2.56,11.9
2024-09-02,0.46,29.04,84.53,2.02,19.6
2024-09-03,0.56,28.9,82.8,2.02,20.75
2024-09-04,1.88,29.56,80.42,0.92,13.75
2024-09-05,23.51,29.43,83.16,1.04,15.52
2024-09-06,13.29,29.05,86.43,1.38,18.49
2024-09-07,0.45,29.94,81.47,0.64,22.31
2024-09-08,4.33,30.34,79.41,0.81,16.67
2024-09-09,1.09,29.62,84.65,2.05,18.79
2024-09-10,1.23,29.21,87.24,3.39,17.34
2024-09-11,4.18,28.93,88.78,3.68,17.01
2024-09-12,6.83,29.95,80.84,0.89,17.99
2024-09-13,1.58,28.92,85.43,2.35,20.76
2024-09-14,9.45,28.22,86.17,1.87,4.81
2024-09-15,4.31,28.19,87.16,2.71,13.86
2024-09-16,3.5,26.25,88.02,5.67,7.46
2024-09-17,3.64,27.25,88.09,3.95,15.88
2024-09-18,0.01,28.23,82.49,2.15,21.7
2024-09-19,0.0,28.71,79.05,1.25,21.56
2024-09-20,0.0,28.85,80.85,1.56,21.2
2024-09-21,0.0,29.71,78.86,1.89,20.86
2024-09-22,0.0,29.2,82.31,1.52,19.37
2024-09-23,0.0,30.38,76.92,1.45,20.95
2024-09-24,1.1,29.79,83.6,1.61,16.83
2024-09-25,16.66,27.77,90.39,3.15,11.77
2024-09-26,20.05,26.83,93.77,4.09,6.54
2024-09-27,15.29,27.32,92.18,3.51,8.14
2024-09-28,19.78,27.44,91.75,2.33,7.14
2024-09-29,1.09,27.9,89.24,1.47,13.54
2024-09-30,0.93,28.12,87.66,2.41,12.86
2024-10-01,0.01,28.25,86.05,2.64,16.05
2024-10-02,0.68,27.77,83.86,2.19,15.15
2024-10-03,0.5,27.95,88.3,1.53,13.85
2024-10-04,0.0,28.84,83.19,0.87,15.82
2024-10-05,0.38,28.42,79.73,0.99,17.14
2024-10-06,0.15,28.58,80.7,0.5,15.01
2024-10-07,0.15,28.21,80.9,1.34,13.53
2024-10-08,0.05,27.73,82.67,1.28,12.4
2024-10-09,0.15,27.67,83.51,1.74,14.6
2024-10-10,0.01,27.54,79.65,2.33,17.01
2024-10-11,0.0,27.08,78.8,2.74,16.53
2024-10-12,0.0,25.73,78.0,2.38,9.77
2024-10-13,0.0,26.33,76.51,2.11,14.83
2024-10-14,0.0,25.73,78.52,1.85,9.8
2024-10-15,0.0,26.64,74.41,1.64,15.78
2024-10-16,0.01,26.58,72.99,1.07,16.08
2024-10-17,0.01,25.84,64.32,1.23,14.61
2024-10-18,0.0,26.22,71.07,1.04,13.66
2024-10-19,0.0,26.59,72.77,1.48,13.97
2024-10-20,0.06,26.55,70.39,1.08,13.89
2024-10-21,0.0,26.45,68.6,1.0,15.56
2024-10-22,0.0,27.17,68.63,1.05,18.56
2024-10-23,0.0,27.91,69.88,0.95,16.49
2024-10-24,0.12,27.25,75.88,3.35,13.15
2024-10-25,0.32,26.06,77.59,3.28,6.52
2024-10-26,2.49,26.19,80.61,2.76,9.04
2024-10-27,1.27,27.34,77.2,1.77,10.46
2024-10-28,0.02,28.35,70.58,0.89,13.78
2024-10-29,0.08,28.48,70.14,1.48,14.05
2024-10-30,0.0,27.77,68.07,1.77,16.72
2024-10-31,0.0,27.16,66.57,1.96,16.31
2024-11-01,0.0,26.74,65.06,2.3,14.39
2024-11-02,0.0,25.39,58.22,1.03,12.34
2024-11-03,0.0,25.43,55.51,0.66,11.72
2024-11-04,0.0,25.56,64.17,1.01,12.86
2024-11-05,0.0,25.34,65.25,0.96,13.75
2024-11-06,0.0,25.99,63.46,0.66,15.48
2024-11-07,0.0,26.3,61.75,0.46,14.94
2024-11-08,0.0,26.67,63.67,0.52,13.47
2024-11-09,0.0,26.46,63.39,0.64,13.53
2024-11-10,0.0,26.12,63.32,0.44,13.82
2024-11-11,0.0,26.41,61.97,0.87,15.19
2024-11-12,0.0,25.17,61.41,1.62,12.07
2024-11-13,0.0,23.92,61.31,1.83,10.18
2024-11-14,0.0,23.48,60.08,1.66,11.41
2024-11-15,0.0,22.11,58.68,2.49,11.72
2024-11-16,0.0,21.42,62.06,1.92,12.26
2024-11-17,0.0,21.89,59.96,1.76,12.77
2024-11-18,0.0,22.01,59.63,0.77,13.06
2024-11-19,0.0,22.35,57.02,0.96,13.13
2024-11-20,0.0,20.72,63.53,1.74,14.35
2024-11-21,0.0,20.01,56.58,1.96,13.63
2024-11-22,0.0,18.89,55.72,1.63,12.04
2024-11-23,0.0,18.68,58.81,1.5,10.27
2024-11-24,0.0,18.89,65.78,1.75,9.93
2024-11-25,0.0,19.65,66.03,1.66,11.0
2024-11-26,0.0,19.37,63.58,1.74,10.95
2024-11-27,0.0,18.84,56.62,1.27,10.92
2024-11-28,0.0,19.78,50.38,0.84,12.05
2024-11-29,0.0,20.45,51.15,0.51,15.45
2024-11-30,0.0,19.9,57.36,1.17,14.98
2024-12-01,0.0,18.74,58.56,1.4,12.2
2024-12-02,0.0,18.84,57.91,1.18,11.74
2024-12-03,0.0,19.3,57.0,1.58,11.71
2024-12-04,0.0,19.57,56.88,2.41,12.27
2024-12-05,0.0,19.3,53.62,2.81,13.49
2024-12-06,0.0,17.9,54.5,2.14,13.45
2024-12-07,0.0,17.92,52.87,1.41,12.2
2024-12-08,0.0,20.07,47.46,0.97,11.38
2024-12-09,0.01,17.96,78.76,1.54,7.59
2024-12-10,0.0,17.11,60.97,2.2,9.73
2024-12-11,0.0,15.23,51.34,1.94,11.17
2024-12-12,0.0,14.69,47.4,1.91,12.34
2024-12-13,0.0,13.65,44.79,2.16,13.13
2024-12-14,0.0,14.09,46.45,1.64,12.42
2024-12-15,0.0,15.19,43.18,1.14,11.77
2024-12-16,0.0,15.28,49.45,1.16,13.99
2024-12-17,0.0,16.21,51.37,1.19,14.29
2024-12-18,0.0,16.57,53.17,1.44,13.73
2024-12-19,0.0,17.94,49.65,0.9,12.95
2024-12-20,0.0,18.84,50.29,0.81,12.63
2024-12-21,0.0,18.79,54.17,0.74,10.75
2024-12-22,0.0,17.87,54.06,1.26,10.1
2024-12-23,0.0,18.63,48.41,0.56,10.48
2024-12-24,0.0,19.0,56.86,1.44,11.13
2024-12-25,0.0,19.36,68.28,1.13,9.48
2024-12-26,0.0,20.13,68.46,1.04,10.17
2024-12-27,0.0,20.79,61.53,1.01,11.73
2024-12-28,0.01,20.68,60.04,1.35,11.43
2024-12-29,0.0,20.92,66.74,1.62,11.8
2024-12-30,0.0,18.23,61.67,2.5,6.17
2024-12-31,0.0,16.46,56.13,2.18,8.87
2025-01-01,0.0,14.73,50.62,2.27,4.89
2025-01-02,0.0,14.2,47.32,1.48,8.09
2025-01-03,0.0,14.78,49.71,1.03,11.74
2025-01-04,0.0,16.09,48.26,0.95,5.2
2025-01-05,0.0,17.22,54.58,1.09,8.6
2025-01-06,0.0,18.99,66.54,0.97,9.29
2025-01-07,0.0,17.26,58.53,2.64,2.78
2025-01-08,0.0,14.54,54.4,2.5,7.93
2025-01-09,0.0,14.0,46.93,1.11,10.87
2025-01-10,0.0,15.88,42.19,0.75,11.43
2025-01-11,0.0,16.52,45.24,1.17,13.64
2025-01-12,0.02,17.6,55.82,1.24,13.26
2025-01-13,0.21,18.07,64.15,1.74,11.29
2025-01-14,0.0,16.43,50.92,1.55,7.55
2025-01-15,0.0,15.72,46.65,0.98,5.25
2025-01-16,0.0,16.72,46.91,1.07,6.93
2025-01-17,0.0,18.27,52.86,1.66,8.68
2025-01-18,0.0,17.69,55.33,2.35,14.28
2025-01-19,0.0,16.55,46.52,2.35,15.14
2025-01-20,0.0,17.61,47.77,2.92,13.2
2025-01-21,0.0,18.27,54.78,2.55,8.2
2025-01-22,0.0,18.54,49.01,2.04,6.4
2025-01-23,0.0,19.13,46.63,1.87,10.79
2025-01-24,0.0,19.57,49.06,2.62,9.72
2025-01-25,0.0,17.2,40.07,2.16,14.45
2025-01-26,0.0,16.64,38.38,1.17,13.52
2025-01-27,0.0,16.68,35.12,1.65,9.82
2025-01-28,0.0,16.49,31.81,1.46,10.09
2025-01-29,0.0,18.64,26.76,0.66,11.3
2025-01-30,0.0,18.52,30.11,1.59,12.27
2025-01-31,0.0,19.83,33.2,1.77,14.08
2025-02-01,0.0,21.47,31.99,1.37,12.8
2025-02-02,0.0,21.31,34.31,2.2,13.86
2025-02-03,0.0,19.79,37.05,2.1,17.4
2025-02-04,0.0,21.37,35.84,1.49,16.06
2025-02-05,0.0,23.64,42.58,2.71,15.13
2025-02-06,0.0,20.8,30.68,3.25,18.69
2025-02-07,0.0,18.15,25.86,3.16,19.48
2025-02-08,0.0,17.85,27.92,1.93,17.2
2025-02-09,0.0,18.58,27.55,1.85,15.37
2025-02-10,0.0,20.59,26.46,1.94,16.21
2025-02-11,0.0,20.93,29.56,2.58,17.08
2025-02-12,0.0,21.81,31.95,2.38,17.9
2025-02-13,0.0,20.76,27.44,3.15,19.92
2025-02-14,0.0,19.05,23.3,2.81,19.81
2025-02-15,0.0,19.92,25.7,1.7,17.97
2025-02-16,0.0,22.0,25.17,1.55,17.07
2025-02-17,0.0,21.72,36.22,1.44,16.72
2025-02-18,0.0,22.8,33.07,1.51,16.47
2025-02-19,0.0,23.39,27.23,1.27,16.6
2025-02-20,0.04,23.7,37.29,1.34,15.13
2025-02-21,0.0,24.58,46.06,1.57,16.1
2025-02-22,0.03,24.51,33.62,1.5,16.43
2025-02-23,0.12,22.73,32.64,1.81,15.29
2025-02-24,0.0,22.19,30.54,1.52,17.1
2025-02-25,0.0,21.9,27.48,1.5,16.17
2025-02-26,0.0,22.71,25.44,1.22,14.02
2025-02-27,0.0,24.03,29.24,1.4,15.01
2025-02-28,0.0,25.39,32.99,0.81,11.33
2025-03-01,0.85,25.97,37.61,1.54,14.67
2025-03-02,0.07,26.56,33.08,3.15,20.23
2025-03-03,0.0,25.5,27.25,3.54,22.15
2025-03-04,0.0,25.84,25.52,3.52,21.74
2025-03-05,0.0,24.09,19.39,3.88,22.71
2025-03-06,0.0,22.7,16.46,1.63,21.52
2025-03-07,0.0,22.76,17.7,1.66,19.93
2025-03-08,0.0,24.51,19.09,1.64,19.28
2025-03-09,0.0,24.9,20.46,0.73,19.21
2025-03-10,0.0,24.78,29.32,1.46,17.7
2025-03-11,0.0,26.56,25.17,1.55,17.04
2025-03-12,0.0,28.69,22.23,2.57,18.95
2025-03-13,0.0,28.45,23.1,2.26,20.75
2025-03-14,0.0,29.99,24.03,2.14,20.78
2025-03-15,0.0,30.54,23.5,1.8,21.38
2025-03-16,0.0,31.38,22.91,2.02,11.05
2025-03-17,0.01,31.09,24.11,2.98,19.66
2025-03-18,0.0,28.31,20.02,3.79,24.11
2025-03-19,0.0,27.55,18.01,2.51,24.48
2025-03-20,0.74,29.84,17.3,1.32,12.78
2025-03-21,1.22,29.17,34.52,2.84,9.21
2025-03-22,0.45,28.09,41.85,2.13,20.06
2025-03-23,0.07,27.15,42.42,1.73,20.52
2025-03-24,0.03,27.91,35.79,0.97,20.36
2025-03-25,0.0,29.05,26.77,1.35,21.5
2025-03-26,0.0,29.7,17.63,1.56,20.49
2025-03-27,0.0,31.27,15.83,2.72,22.14
2025-03-28,0.0,32.19,17.88,3.42,23.34
2025-03-29,0.0,29.94,10.29,3.3,26.63
2025-03-30,0.0,28.29,7.6,2.52,26.62
2025-03-31,0.0,28.95,10.08,2.15,26.05
2025-04-01,0.0,29.04,10.87,2.39,25.84
2025-04-02,0.0,30.2,11.18,2.23,15.38
2025-04-03,0.0,31.19,12.62,2.44,19.09
2025-04-04,0.0,31.76,13.17,3.05,19.88
2025-04-05,0.0,31.09,13.33,2.69,23.58
2025-04-06,0.0,32.21,14.82,0.92,22.42
2025-04-07,0.0,31.57,31.09,2.44,21.04
2025-04-08,0.0,32.69,35.39,2.27,20.86
2025-04-09,0.87,33.88,34.78,2.3,18.66
2025-04-10,15.78,31.07,48.91,2.89,14.64
2025-04-11,0.92,29.29,54.74,1.55,21.2
2025-04-12,0.0,31.14,42.54,1.55,20.12
2025-04-13,0.98,31.56,44.73,1.86,16.62
2025-04-14,5.65,29.6,54.9,1.86,19.28
2025-04-15,1.45,29.87,50.99,2.78,21.79
2025-04-16,0.0,31.4,46.08,1.33,20.67
2025-04-17,0.07,32.94,39.59,1.15,19.32
2025-04-18,2.33,30.8,51.95,2.91,13.74
2025-04-19,0.0,31.01,51.97,2.07,19.98
2025-04-20,0.0,33.27,39.6,1.24,22.03
2025-04-21,0.0,35.11,31.36,1.51,21.64
2025-04-22,0.0,35.45,25.67,2.22,20.98
2025-04-23,0.0,33.94,14.62,4.0,26.95
2025-04-24,0.0,32.77,11.68,2.99,27.23
2025-04-25,0.0,33.72,12.0,2.56,26.62
2025-04-26,0.0,35.22,11.55,1.83,24.8
2025-04-27,0.0,34.3,19.13,2.97,13.12
2025-04-28,7.27,30.51,36.4,3.32,11.72
2025-04-29,0.12,29.62,45.02,3.9,15.16
2025-04-30,0.63,30.1,44.8,3.98,22.21
2025-05-01,0.4,30.39,44.57,3.71,9.63
2025-05-02,0.09,30.31,44.72,2.1,25.07
2025-05-03,0.42,32.31,36.25,1.91,23.74
2025-05-04,0.76,32.2,40.3,2.67,20.71
2025-05-05,7.01,31.09,47.15,2.64,22.46
2025-05-06,11.93,29.94,52.46,1.51,18.18
2025-05-07,0.0,32.34,39.69,1.32,24.47
2025-05-08,1.72,34.1,37.05,1.8,24.1
2025-05-09,0.31,33.77,35.36,3.41,24.14
2025-05-10,0.01,34.68,35.34,2.82,24.86
2025-05-11,0.01,35.04,36.51,1.8,22.24
2025-05-12,0.34,35.84,34.59,2.16,20.37
2025-05-13,0.0,35.06,30.2,1.9,22.2
2025-05-14,0.0,36.0,26.77,1.72,23.1
2025-05-15,0.0,36.37,27.12,1.3,24.07
2025-05-16,0.0,35.47,28.88,2.2,23.31
2025-05-17,0.13,35.06,38.53,2.39,21.55
2025-05-18,0.06,34.31,42.87,2.57,18.48
2025-05-19,3.01,33.93,46.76,3.74,12.13
2025-05-20,1.32,34.98,45.16,2.67,18.13
2025-05-21,0.03,34.9,44.24,3.49,18.05
2025-05-22,2.34,34.09,46.39,2.37,13.63
2025-05-23,0.13,33.37,46.54,2.67,16.53
2025-05-24,0.66,32.29,51.47,3.46,10.27
2025-05-25,6.17,30.8,57.11,3.65,15.47
2025-05-26,7.94,29.73,69.36,3.51,17.47
2025-05-27,0.91,32.76,58.72,3.16,17.98
2025-05-28,0.2,34.67,50.28,2.56,22.72
2025-05-29,0.17,35.29,47.21,3.69,22.41
2025-05-30,1.57,35.28,47.1,2.39,22.64
2025-05-31,0.07,36.74,38.86,3.14,17.53
2025-06-01,0.29,36.74,31.98,3.22,19.41
2025-06-02,0.59,36.23,28.73,2.83,22.21
2025-06-03,0.56,36.01,32.46,3.42,14.79
2025-06-04,3.96,32.64,42.81,2.29,13.31
2025-06-05,0.0,33.1,41.58,1.53,20.76
2025-06-06,0.89,34.4,35.71,1.39,20.46
2025-06-07,2.5,34.32,34.91,0.96,24.75
2025-06-08,0.0,35.29,30.71,1.22,24.11
2025-06-09,0.0,36.58,32.51,1.92,23.71
2025-06-10,0.01,37.38,34.63,3.28,23.71
2025-06-11,0.0,37.14,39.55,3.31,22.81
2025-06-12,0.0,37.49,38.17,3.79,22.5
2025-06-13,0.02,37.89,36.79,3.17,24.2
2025-06-14,0.0,38.34,34.47,1.92,22.93
2025-06-15,0.98,37.39,38.68,3.79,19.42
2025-06-16,0.54,36.42,43.28,3.71,20.89
2025-06-17,4.91,33.59,54.58,3.76,20.1
2025-06-18,21.04,31.69,67.96,2.11,14.82
2025-06-19,18.48,31.11,69.77,2.85,12.42
2025-06-20,14.26,31.0,71.02,4.25,9.13
2025-06-21,7.5,31.73,70.13,3.02,15.27
2025-06-22,2.34,32.36,63.98,2.7,17.78
2025-06-23,7.6,31.12,70.8,1.77,11.51
2025-06-24,3.15,32.54,65.33,2.87,14.68
2025-06-25,1.15,32.9,62.7,4.43,17.83
2025-06-26,2.29,32.67,63.88,5.26,21.59
2025-06-27,1.93,32.84,63.52,3.79,18.07
2025-06-28,4.67,32.81,63.15,1.9,21.93
2025-06-29,4.62,32.89,61.93,1.61,18.52
2025-06-30,15.36,32.39,65.23,2.7,20.66
2025-07-01,8.87,31.81,67.93,4.21,19.29
2025-07-02,3.57,32.0,67.07,4.69,18.51
2025-07-03,1.99,31.56,68.39,3.78,16.77
2025-07-04,1.48,30.95,70.55,3.46,19.66
2025-07-05,3.25,31.15,69.16,2.89,15.6
2025-07-06,0.54,32.41,62.23,3.68,18.61
2025-07-07,1.68,32.47,62.29,4.22,20.59
2025-07-08,0.03,32.97,58.11,4.12,20.76
2025-07-09,0.4,31.79,63.19,4.84,16.76
2025-07-10,8.04,30.31,70.65,4.95,10.73
2025-07-11,2.58,31.54,66.04,3.67,18.3
2025-07-12,0.46,32.41,64.77,3.43,20.63
2025-07-13,0.4,30.71,72.47,2.79,20.53
2025-07-14,5.65,30.18,73.59,2.49,18.34
2025-07-15,15.43,29.92,74.28,5.0,11.19
2025-07-16,37.22,28.22,87.29,3.81,7.7
2025-07-17,19.65,29.3,81.89,3.32,15.63
2025-07-18,2.25,30.81,75.2,1.91,21.87
2025-07-19,0.9,31.57,69.41,2.77,19.59
2025-07-20,3.05,29.56,76.66,1.86,9.63
2025-07-21,0.03,31.68,69.53,0.76,19.1
2025-07-22,0.12,30.97,73.17,1.74,16.19
2025-07-23,3.71,31.89,71.29,1.78,20.66
2025-07-24,4.71,31.95,72.94,1.37,19.36
2025-07-25,11.35,31.09,76.36,2.59,10.0
2025-07-26,3.49,30.63,77.19,6.43,12.0
2025-07-27,7.16,30.56,77.48,2.48,16.7
2025-07-28,52.48,28.93,86.81,0.97,7.71
2025-07-29,22.51,29.04,87.08,2.93,13.23
2025-07-30,7.76,29.9,82.54,3.21,16.61
2025-07-31,15.04,29.74,82.16,1.89,20.41
2025-08-01,8.65,29.64,83.43,2.25,15.34
2025-08-02,12.33,29.18,87.4,1.78,9.87
2025-08-03,26.34,28.28,91.73,1.56,5.28
2025-08-04,34.22,27.86,89.6,3.33,9.36
2025-08-05,3.35,28.49,82.29,2.16,16.16
2025-08-06,3.44,28.51,83.99,2.36,15.87
2025-08-07,3.24,28.83,84.51,2.48,16.13
2025-08-08,14.34,28.17,90.24,2.11,13.74
2025-08-09,9.63,28.17,86.17,2.29,16.12
2025-08-10,13.02,28.44,85.61,1.74,16.54
2025-08-11,0.84,29.15,85.26,1.29,9.87
2025-08-12,10.06,30.01,84.85,1.56,15.13
2025-08-13,26.98,29.04,87.42,2.11,3.5
2025-08-14,1.31,28.18,85.86,2.69,19.35
2025-08-15,0.01,28.44,84.43,2.19,21.18
2025-08-16,0.0,28.72,84.21,1.82,22.81
2025-08-17,1.77,28.86,86.08,2.22,13.37
2025-08-18,1.31,28.99,85.95,3.22,20.77
2025-08-19,3.39,28.61,85.22,3.92,20.01
2025-08-20,8.37,28.41,86.65,3.58,18.17
2025-08-21,7.48,28.9,85.58,1.93,18.36
2025-08-22,11.24,29.38,84.43,0.91,15.57
2025-08-23,8.45,28.84,86.31,2.65,13.15
2025-08-24,26.85,28.05,90.59,2.95,13.58
2025-08-25,3.41,28.31,85.89,3.21,14.39
2025-08-26,0.63,28.89,84.14,1.57,17.29
2025-08-27,1.2,27.96,86.55,1.81,17.42
2025-08-28,0.02,28.72,84.8,3.05,19.44
2025-08-29,0.42,28.63,84.45,2.97,16.98
2025-08-30,2.3,28.69,86.04,1.94,16.88
2025-08-31,4.94,28.85,84.93,1.89,16.0
2025-09-01,0.55,28.39,85.82,1.64,23.58
2025-09-02,2.63,28.23,88.33,2.08,18.6
2025-09-03,0.26,28.73,84.39,3.05,21.75
2025-09-04,1.23,28.08,86.8,3.54,19.56
2025-09-05,0.15,28.48,84.17,1.96,20.73
2025-09-06,3.05,29.29,83.62,1.46,20.13
2025-09-07,6.49,29.27,82.99,1.17,18.41
2025-09-08,1.28,29.53,80.84,1.14,16.44
2025-09-09,1.85,28.92,87.09,1.42,8.94
2025-09-10,15.08,28.64,90.8,1.85,9.54
2025-09-11,10.48,28.76,83.98,1.43,6.03
2025-09-12,0.74,28.74,82.53,0.82,17.41
2025-09-13,2.47,29.38,81.62,1.07,14.49
2025-09-14,10.41,28.57,87.09,1.22,9.21
2025-09-15,14.94,27.47,88.54,0.75,12.95
2025-09-16,14.79,27.23,89.07,1.42,6.83
2025-09-17,8.21,27.87,86.94,1.64,11.84
2025-09-18,3.66,28.09,85.64,0.9,11.5
2025-09-19,17.64,27.51,89.07,1.08,12.46
2025-09-20,13.13,28.03,87.37,1.04,11.73
2025-09-21,0.91,28.68,84.44,0.64,16.26
2025-09-22,0.22,29.01,82.03,0.88,16.79
2025-09-23,1.57,28.99,80.95,0.78,16.67
2025-09-24,2.29,28.55,86.07,1.37,19.93
2025-09-25,0.08,28.69,84.74,1.13,18.44
2025-09-26,0.05,28.7,85.06,1.68,20.51
2025-09-27,5.07,27.89,91.17,2.8,17.77
2025-09-28,0.05,27.9,85.72,2.06,18.64
2025-09-29,0.86,28.25,82.14,1.28,18.91
2025-09-30,4.24,28.73,79.89,0.59,17.63
2025-10-01,9.01,28.06,88.77,1.05,13.77
2025-10-02,13.75,26.3,92.3,3.08,9.87
2025-10-03,31.96,26.44,93.54,4.04,8.39
2025-10-04,56.08,27.0,94.46,3.28,2.42
2025-10-05,2.01,27.27,86.5,2.08,11.49
2025-10-06,0.28,27.04,81.96,0.88,11.43
2025-10-07,0.2,26.99,84.26,1.2,17.21
2025-10-08,0.08,27.47,80.1,0.92,17.15
2025-10-09,0.25,26.96,84.0,1.42,18.02
2025-10-10,0.0,24.91,83.31,2.08,20.11
2025-10-11,0.0,24.77,83.98,2.15,19.5
2025-10-12,0.0,23.61,82.82,2.0,17.68
2025-10-13,0.0,23.97,83.26,1.56,18.29
2025-10-14,0.0,23.69,80.05,1.33,17.8
2025-10-15,0.0,23.64,80.77,1.5,19.45
2025-10-16,0.0,24.22,81.36,1.42,18.49
2025-10-17,0.0,25.02,77.13,0.87,17.51
2025-10-18,0.0,24.31,77.56,0.94,17.95
2025-10-19,0.0,24.37,79.79,1.08,17.33
2025-10-20,0.0,25.46,79.27,0.91,17.34
2025-10-21,0.0,25.61,81.42,0.99,17.46
2025-10-22,0.0,25.96,80.87,0.84,17.33
2025-10-23,0.0,26.17,82.83,1.02,11.86
2025-10-24,0.0,25.66,83.43,1.2,17.02
2025-10-25,0.0,25.98,80.17,1.15,15.81
2025-10-26,0.0,26.24,79.39,1.03,13.95
2025-10-27,40.58,25.91,83.4,0.66,7.02
2025-10-28,20.83,25.89,84.83,0.98,11.48
2025-10-29,2.0,24.61,89.91,1.62,4.53
2025-10-30,26.07,23.59,92.74,4.12,4.49
2025-10-31,21.59,25.82,90.56,2.74,2.49
2025-11-01,3.8,25.38,90.62,2.37,3.47
2025-11-02,0.02,23.73,87.26,2.04,12.47
2025-11-03,0.0,22.37,84.36,2.48,12.27
2025-11-04,0.0,21.52,83.56,1.59,14.01
2025-11-05,0.0,21.04,81.79,1.82,16.81
2025-11-06,0.0,22.5,83.43,1.95,15.48
2025-11-07,0.0,19.5,78.92,2.17,16.01
2025-11-08,0.0,18.12,80.62,2.0,16.24
2025-11-09,0.0,17.71,82.45,2.22,14.89
2025-11-10,0.0,16.91,81.41,1.99,14.68
2025-11-11,0.0,16.96,81.24,2.07,13.29
2025-11-12,0.0,17.26,81.86,1.88,14.49
2025-11-13,0.0,16.92,79.96,1.64,14.7
2025-11-14,0.0,17.19,78.71,1.54,13.51
2025-11-15,0.0,16.84,77.52,1.47,13.18
2025-11-16,0.0,16.16,77.6,1.49,12.61
2025-11-17,0.0,16.35,78.94,1.22,14.27
2025-11-18,0.0,17.25,79.4,1.32,16.24
2025-11-19,0.0,18.64,78.62,1.06,15.13
2025-11-20,0.0,18.23,82.08,1.31,13.51
2025-11-21,0.0,18.17,81.62,1.21,14.13
2025-11-22,0.0,18.26,86.12,1.6,11.43
2025-11-23,0.0,18.12,86.41,1.65,10.78
2025-11-24,0.0,16.96,80.58,1.28,11.54
2025-11-25,0.0,16.48,81.67,1.71,12.75
2025-11-26,0.0,16.19,78.3,1.36,12.56
2025-11-27,0.0,16.55,75.5,0.94,13.83
2025-11-28,0.0,16.48,81.1,1.43,15.34
2025-11-29,0.0,16.61,81.42,1.89,13.96
2025-11-30,0.0,16.98,81.68,1.77,12.08
2025-12-01,0.0,16.21,81.52,1.43,10.9
2025-12-02,0.0,15.7,77.54,1.67,12.17
2025-12-03,0.0,15.58,80.45,1.47,12.18
2025-12-04,0.0,15.59,75.96,1.86,12.46
2025-12-05,0.0,13.45,75.76,1.64,12.98
2025-12-06,0.0,13.48,77.64,1.96,12.81
2025-12-07,0.0,13.41,81.42,1.61,11.92
2025-12-08,0.0,14.51,81.48,1.47,10.3
2025-12-09,0.0,14.3,82.02,1.52,11.17
2025-12-10,0.0,13.94,79.14,1.46,11.53
2025-12-11,0.0,13.56,79.53,1.49,12.0
2025-12-12,0.0,13.67,79.94,1.12,13.01
2025-12-13,0.0,15.45,75.05,1.02,14.29
2025-12-14,0.0,15.43,78.71,0.97,14.12
2025-12-15,0.0,14.97,82.61,1.46,13.82
2025-12-16,0.0,15.19,84.61,1.83,11.77
2025-12-17,0.0,14.12,83.95,1.25,9.73
2025-12-18,0.0,13.04,84.86,1.28,7.3
2025-12-19,0.0,12.9,86.07,1.6,4.42
2025-12-20,0.0,12.86,81.46,1.31,2.74
2025-12-21,0.0,12.91,78.76,0.85,3.86
2025-12-22,0.0,13.25,82.28,1.41,7.41
2025-12-23,0.0,13.0,85.08,1.83,4.25
2025-12-24,0.0,13.91,80.12,1.62,5.34
2025-12-25,0.0,13.01,76.33,1.29,7.66
2025-12-26,0.0,12.7,77.88,1.51,5.51
2025-12-27,0.0,12.31,80.36,1.6,3.58
2025-12-28,0.0,11.94,81.13,1.51,5.32
2025-12-29,0.0,11.65,82.31,1.61,2.68
2025-12-30,0.0,11.95,75.69,1.83,5.87
2025-12-31,0.0,12.87,69.61,0.89,9.56
